id,bid,正文,头条文章url,原始图片url,视频url,位置,日期,工具,点赞数,评论数,转发数,话题,@用户
4092953444540791,ED08Uj3gz,嗯 ,,"https://wx1.sinaimg.cn/large/6da18ef0gy1feb2b4khhbj20qo0qomyt.jpg,https://wx1.sinaimg.cn/large/6da18ef0gy1feb2bhzqdsj20qr0qo762.jpg,https://wx1.sinaimg.cn/large/6da18ef0gy1feb2b3x1urj20qz0qodhf.jpg,https://wx4.sinaimg.cn/large/6da18ef0gy1feb2b4rs44j20qw0qpmz3.jpg,https://wx1.sinaimg.cn/large/6da18ef0gy1feb2b5053vj20qw0qo0uf.jpg",,,2017-04-04,iPhone 7(Rose Gold),477,61,70,,
4604809741343453,K217E5DuB,营业了[求饒] ,,"https://wx3.sinaimg.cn/large/6da18ef0gy1gno06zc8srj20u01404ag.jpg,https://wx1.sinaimg.cn/large/6da18ef0gy1gno06znehij20u014079m.jpg,https://wx2.sinaimg.cn/large/6da18ef0gy1gno06zznptj20u0140amc.jpg,https://wx3.sinaimg.cn/large/6da18ef0gy1gno070cs14j20u014016h.jpg",,,2021-02-15,烬送的iPhone 11 Pro Max(暗夜綠),2159,410,70,,
4601955966261101,K0OSMqgNv,作为一个互联网公司从事技术岗的工作人员，领导找我要一个软件的安装包，我把快捷方式打包给他发过去了哈哈哈哈哈哈哈我都把自己逗笑了 ,,,,,2021-02-07,烬送的iPhone XS Max,91,41,1,,
4594054116153920,JDsMbpOUM,最近病了，没营业大家注意保暖[淚] ,,"https://wx4.sinaimg.cn/large/6da18ef0ly1gmpox3xbptj20u0140130.jpg,https://wx2.sinaimg.cn/large/6da18ef0ly1gmpox5yl0yj20u0140135.jpg,https://wx1.sinaimg.cn/large/6da18ef0ly1gmpox84skmj20u0140ajb.jpg,https://wx1.sinaimg.cn/large/6da18ef0ly1gmpox59zskj20u0140tis.jpg",,,2021-01-16,烬送的iPhone 11 Pro Max(暗夜綠),376,47,26,,
4586719389157420,JAnXYCqgk,发了[求饒] ,,"https://wx1.sinaimg.cn/large/6da18ef0gy1gm2ahpdquqj20u0140168.jpg,https://wx2.sinaimg.cn/large/6da18ef0gy1gm2ai44c83j20u01417fu.jpg,https://wx2.sinaimg.cn/large/6da18ef0gy1gm2ajg9wvgj20u0140139.jpg,https://wx4.sinaimg.cn/large/6da18ef0gy1gm2ahbcxhmj20u01407aq.jpg,https://wx4.sinaimg.cn/large/6da18ef0gy1gm2ajnus4zj20u0141aie.jpg,https://wx2.sinaimg.cn/large/6da18ef0gy1gm2aj4zqawj20u0140ak8.jpg",,,2020-12-27,烬送的iPhone 11 Pro Max(暗夜綠),1080,170,515,,
4586421178077751,JAgcZxToj,点赞过400发可以不[求饒]满脸不开心的🐭 ,,https://wx1.sinaimg.cn/large/6da18ef0gy1gm1ca98lbwj20u014048n.jpg,,,2020-12-26,烬送的iPhone 11 Pro Max(暗夜綠),1001,47,27,,
4581633192105087,JyfEr8PD1,因为真的很喜欢这套图，也希望大家多夸夸 ,,"https://wx3.sinaimg.cn/large/6da18ef0gy1glm2d9gzpnj20u014017z.jpg,https://wx1.sinaimg.cn/large/6da18ef0gy1glm2d8y258j20u014018u.jpg,https://wx3.sinaimg.cn/large/6da18ef0gy1glm2de9d1gj20u0141qiv.jpg,https://wx3.sinaimg.cn/large/6da18ef0gy1glm2eba33sj20u0140dsj.jpg",,,2020-12-13,烬送的iPhone 11 Pro Max(暗夜綠),691,116,59,,
4579078764761958,JxbcojYNM,垃圾画质 ,,"https://wx2.sinaimg.cn/large/6da18ef0gy1gldx1ahmdaj21o02804qq.jpg,https://wx3.sinaimg.cn/large/6da18ef0gy1gldx189btij21o0280u0y.jpg,https://wx1.sinaimg.cn/large/6da18ef0gy1gldx15gk5vj21o02801ky.jpg,https://wx3.sinaimg.cn/large/6da18ef0gy1gldx13zvhjj21o02801ky.jpg",,,2020-12-06,烬送的iPhone 11 Pro Max(暗夜綠),561,57,62,,
4577645750917575,JwzV53QHB,谢谢英雄联盟陪我走过又一年[愛你] ,,"https://wx1.sinaimg.cn/large/6da18ef0gy1gl9cgcbjc1j20zk0k0n93.jpg,https://wx4.sinaimg.cn/large/6da18ef0gy1gl9cgblv99j20zk0k0q71.jpg",,,2020-12-02,烬送的iPhone 11 Pro Max(暗夜綠),91,20,1,,
4576537117197858,Jw74Xucuu,有腿几 （刚刚的文案不好，会让人想偏，改了改了） ,,https://wx4.sinaimg.cn/large/6da18ef0gy1gl5t3hdlq8g20k00qoe8d.gif,,,2020-11-29,烬送的iPhone 11 Pro Max(暗夜綠),465,64,26,,
4575219530600281,JvyNP2w9X,分享一件开心的事：因为我不喜欢肝代币的原因，原先打算花1300氪出至臻索拉卡。但近期觉得太不值了花1000多买一个皮肤。在痛苦与纠结中，发现自己的峡谷之巅的账号胜场是前2000名，就是说我可以免费获得至臻索拉卡！！！可以领到任意大区这可能是今年最开心的事了吧 ,,,,,2020-11-25,烬送的iPhone 11 Pro Max(暗夜綠),77,24,1,,
4573763678776261,JuWVFAP6B,晚上好 ,,"https://wx1.sinaimg.cn/large/6da18ef0gy1gkwym2zexkj20u0140wro.jpg,https://wx4.sinaimg.cn/large/6da18ef0gy1gkwym2a1cgj20u0140wrv.jpg",,,2020-11-21,烬送的iPhone 11 Pro Max(暗夜綠),424,53,18,,
4567225672936807,JscQvcjZR,20w僵尸粉了 ,,https://wx4.sinaimg.cn/large/6da18ef0gy1gkc3pxyudjj20u0140tos.jpg,,,2020-11-03,烬送的iPhone 11 Pro Max(暗夜綠),555,134,7,,
4566391263594561,JrR8Gf56N,迟到的👿，能给姐姐咬一口吗？ ,,"https://wx4.sinaimg.cn/large/6da18ef0gy1gk9fw4a6abj20u0140nb3.jpg,https://wx4.sinaimg.cn/large/6da18ef0gy1gk9fvv9cluj20u0140ao9.jpg,https://wx3.sinaimg.cn/large/6da18ef0gy1gk9fvw7yj3j20u01407lx.jpg,https://wx4.sinaimg.cn/large/6da18ef0gy1gk9fvwtywsj20u0140ne6.jpg",,,2020-11-01,烬送的iPhone 11 Pro Max(暗夜綠),485,64,62,,
4564034907803068,JqRQ6wJVW,滔博回家了？？？ ,,,,,2020-10-25,烬送的iPhone 11 Pro Max(暗夜綠),44,33,1,,
4563295790959588,JqyBZ41De,之前受邀跟一些男性朋友出去密室，在路上难免会聊天，便有人问到：有没有人说你长得像波多野结衣。我也没当回事，就说：有评论说过我像。不知道谁接了一句：那有没有人在路上问你什么时候拍av？我？？？然后他们就哄堂大笑起来。我完全get不到他们的笑点何在。是不是这属于男生之间开的黄腔？ ,,,,,2020-10-23,烬送的iPhone 11 Pro Max(暗夜綠),178,100,12,,
4562929443932992,Jqp56gv9m,说一件事你们别笑我傻“名媛群”的事没爆出来之前，我真的以为23岁，年入百万，名下5个上市公司，3套房子是真的。我还在想为什么别人那么优秀啊…自己怎么这么垃圾呀还自卑了好一阵子。但不排除真的有这样的人，但我之前我以为人人都是年入百万 ,,,,,2020-10-22,烬送的iPhone 11 Pro Max(暗夜綠),86,54,3,,
4560047709888258,Jpc78Fuo2,如果我回来玩cos，有什么角色推荐的吗 ,,,,,2020-10-14,烬送的iPhone 11 Pro Max(暗夜綠),91,83,0,,
4555994090184245,JnuF30LVH,是学姐呀裙子：海盐奶冻@豆鲨町SameMachi ,,"https://wx3.sinaimg.cn/large/6da18ef0gy1gjc5ky3144j20u0140wqz.jpg,https://wx3.sinaimg.cn/large/6da18ef0gy1gjc5kt3i83g20ib0of7wq.gif,https://wx2.sinaimg.cn/large/6da18ef0gy1gjc5kwza2vj20u014012w.jpg,https://wx2.sinaimg.cn/large/6da18ef0gy1gjc5ldbpq1j20re10jgw4.jpg,https://wx1.sinaimg.cn/large/6da18ef0gy1gjc5kv0dj4j20u0140gwi.jpg,https://wx3.sinaimg.cn/large/6da18ef0gy1gjc5kvzxf9j20u0140aks.jpg",,,2020-10-03,烬送的iPhone 11 Pro Max(暗夜綠),336,51,51,,豆鲨町SameMachi
4543307155509885,JiaCfn7n7,妈妈说我穿这件衣服好看，自恋的我就在试衣间拍起照来了（买了！ ,,"https://wx1.sinaimg.cn/large/6da18ef0gy1gi7sq8t3dvj20u0140naa.jpg,https://wx2.sinaimg.cn/large/6da18ef0gy1gi7sq9v9f3j20u014u14y.jpg,https://wx1.sinaimg.cn/large/6da18ef0gy1gi7sqaw8nfj20u0140qe5.jpg,https://wx4.sinaimg.cn/large/6da18ef0gy1gi7sqbqbpzj20u014k7gh.jpg",,,2020-08-29,烬送的iPhone 11 Pro Max(暗夜綠),374,71,26,,
4535657618474760,JeXChzyFG,事实证明，我不仅要秃头了，还不会p图了[淚] ,,"https://wx2.sinaimg.cn/large/6da18ef0gy1ghje5ysalbj20u014011k.jpg,https://wx3.sinaimg.cn/large/6da18ef0gy1ghje6fu1s4j20u0140dos.jpg",,,2020-08-08,烬送的iPhone 11 Pro Max(暗夜綠),258,39,12,,
4531597817157706,Jdg0du22S,说真的，不就是把之前对漫展撩衣服外围的愤怒发泄在这个姑娘身上么[攤手]姑娘确实有错，但错不致死啊 ,,,,,2020-07-28,烬送的iPhone 11 Pro Max(暗夜綠),146,48,0,,
4519353846266018,J87tSqi4O,万能的微博，求问圣路易斯的项链和耳环是哪个牌子的好喜欢想买，鞋子和包包都买了感觉好好看[愛你][愛你] ,,https://wx2.sinaimg.cn/large/6da18ef0gy1gg3dpg8jzuj20u01sy1l7.jpg,,,2020-06-24,烬送的iPhone 11 Pro Max(暗夜綠),88,36,2,,
4517097836036512,J7aN9pkn6,今天是我的老婆@神奇与一 的生日！！终于跟最爱的人去了迪士尼！我们都是迪士尼在逃公主我们是一辈子的好姐妹！模范夫妻！！[親親][親親] （ps：说了这么多忘记写：老婆生日快乐！！！）赶快补上哈哈哈哈 ,,"https://wx2.sinaimg.cn/large/6da18ef0gy1gfw6kyz8n8j20u0140k4y.jpg,https://wx3.sinaimg.cn/large/6da18ef0gy1gfw6kf220xj21400u0qer.jpg,https://wx1.sinaimg.cn/large/6da18ef0gy1gfw6jfgvmsj21400u0wsa.jpg,https://wx2.sinaimg.cn/large/6da18ef0gy1gfw6jm2xjuj20u01407i2.jpg,https://wx1.sinaimg.cn/large/6da18ef0gy1gfw6t9se51j21400u0qcy.jpg,https://wx4.sinaimg.cn/large/6da18ef0gy1gfw6jp81xij21400u0wsv.jpg,https://wx3.sinaimg.cn/large/6da18ef0gy1gfw6jtjnpmj20u0140dux.jpg,https://wx2.sinaimg.cn/large/6da18ef0gy1gfw6jaeijsj20u0140qii.jpg,https://wx1.sinaimg.cn/large/6da18ef0gy1gfw6k6w9jej20u0140184.jpg",,,2020-06-18,烬送的iPhone 11 Pro Max(暗夜綠),147,20,19,,神奇与一
4496810339366205,IECtHDizP,事实证明：恋爱结婚不能看对方的手机，不然你会看到对方变心的过程 ,,,,,2020-04-23,烬送的iPhone 11 Pro Max(暗夜綠),120,23,1,,
4487759701696637,IAP1U77n7,还是不露脸好看[饞嘴] ,,"https://wx4.sinaimg.cn/large/6da18ef0gy1gdal6o83krj20u018zdr2.jpg,https://wx2.sinaimg.cn/large/6da18ef0gy1gdal6p14kwj20u018z4an.jpg",,,2020-03-29,烬送的iPhone 11 Pro Max(暗夜綠),3748,360,353,,
4470080001821794,Itp6g7DVM,万能的有猫的小伙伴，你们的猫猫都是散养的吗不会拆家吗？ ,,,,,2020-02-09,烬送的iPhone XS Max,56,98,1,,
4455712061575259,Innka6BNp,2020年 希望我们都能幸福快乐 ,,,,,2020-01-01,烬送的iPhone 11 Pro Max(暗夜綠),78,11,0,,
4451564737536485,IlDqVvCAd,喜欢我吗 ,,"https://wx4.sinaimg.cn/large/6da18ef0gy1ga3498eyrcj20u0140tl8.jpg,https://wx4.sinaimg.cn/large/6da18ef0gy1ga3499q82jj20u01404by.jpg,https://wx3.sinaimg.cn/large/6da18ef0gy1ga349ahjnij20u018zk47.jpg,https://wx1.sinaimg.cn/large/6da18ef0gy1ga349bc9ysj20u0140nbm.jpg",,,2019-12-20,烬送的iPhone 11 Pro Max(暗夜綠),675,149,134,,
4444665795330117,IiJXBmmBD,结果，我买了绿色的 ,,https://wx1.sinaimg.cn/large/6da18ef0gy1g9h3xckg9nj22801o0hdu.jpg,,,2019-12-01,烬送的iPhone XS Max,159,59,2,,
4444000054310277,IisDPi5iB,我喜欢iPhone11的紫色和iPhone pro max的白色。买哪个[可憐]（买不起两个帮我选一个 ,,,,,2019-11-29,烬送的iPhone XS Max,72,99,0,,
4443199294221327,Ii7OhhI9V,都是老图了 ,,"https://wx1.sinaimg.cn/large/6da18ef0ly1g9cfhwoyawj20u0140ti6.jpg,https://wx3.sinaimg.cn/large/6da18ef0ly1g9cfgplgj1j20yo0u0abi.jpg,https://wx1.sinaimg.cn/large/6da18ef0ly1g9cfgnbgegj20u01407by.jpg",,,2019-11-27,烬送的iPhone X,417,69,47,,
4440401617970270,IgX1TxrqK,“希望所有男生都能明白一个道理：不喜欢了不是你的错，但欺骗和背叛是。 ”说得太对了 ,,,,,2019-11-19,烬送的iPhone XS Max,103,20,9,,
4437084053766857,IfyIZfNVL,[可憐][可憐]如果能看到这条微博评论一下好吗？ ,,,,,2019-11-10,烬送的iPhone XS Max,133,243,1,,
4435589505763912,IeVQqobsk,我一直以为喜欢了很久的人得到了就不会珍惜了。其实我错了，就是因为喜欢了很久，好不容易得到了才会更加珍惜。 ,,,,,2019-11-06,烬送的iPhone XS Max,99,16,2,,
4409148848048197,I3Q0cxLHD,万能的微博，问大家一个非常愚蠢的问题：为什么国际航班头等跟经济舱差价这么大啊 ,,,,,2019-08-25,烬送的iPhone XS Max,54,67,1,,
4408568961124626,I3AUU4Iz8,我是不是快消失了？ ,,,,,2019-08-23,烬送的iPhone XS Max,87,40,0,,
4385408823964076,HzPSagDeI,祝烬夫人生日快乐吧 ,,"https://wx3.sinaimg.cn/large/6da18ef0gy1g48227zdtoj21sc1sckjl.jpg,https://wx3.sinaimg.cn/large/6da18ef0gy1g4826pj7smj21sc2dsu0x.jpg,https://wx2.sinaimg.cn/large/6da18ef0gy1g482713s07j20xr190ndw.jpg,https://wx3.sinaimg.cn/large/6da18ef0gy1g48228vpsnj216o1kway7.jpg",,,2019-06-21,烬送的iPhone XS Max,316,87,14,,
4380157274293621,HxDfVi0XX,我没有结婚…哪天我结婚了一定会发结婚照到微博好吗？你们哪里来的消息说我结婚了[疑問]我不想玩cos不是因为我结婚退圈，是我只想将休息时间做我自己喜欢的事情。什么找个老实人嫁了才不玩cos退圈了这种只活在某些人的脑子里吧，醒醒吧，梦里的你也很可怜[可憐] ,,,,,2019-06-06,烬送的iPhone XS Max,165,46,2,,
4359196277201669,HoPXRudtX,是不是你们把我忘了 ,,"https://wx1.sinaimg.cn/large/6da18ef0ly1g1wfv4m1j3j20u013ydns.jpg,https://wx3.sinaimg.cn/large/6da18ef0ly1g1wfv5sg6zj20u013y47s.jpg,https://wx2.sinaimg.cn/large/6da18ef0ly1g1wfv588m9j20u018ywns.jpg,https://wx1.sinaimg.cn/large/6da18ef0ly1g1wfvt469ej20u018y471.jpg",,,2019-04-09,烬送的iPhone XS Max,537,81,70,,
4357322363595419,Ho3dqf5kD,收到@光川飞鸟 为我画的天使姐姐[太開心]你们觉得跟我像不像呀[給你小心心] ,,https://wx3.sinaimg.cn/large/6da18ef0gy1g1qgnh9omrj212a12a47m.jpg,,,2019-04-04,烬送的iPhone XS Max,57,23,3,,光川飞鸟
4348993657873644,Hkyy1x2ig,我实在不想化妆了，看腿子吧[可憐] ,,"https://wx1.sinaimg.cn/large/6da18ef0gy1g0zw4iyfmaj20u013we81.jpg,https://wx1.sinaimg.cn/large/6da18ef0gy1g0zw4e3kgkj22c0340e89.jpg,https://wx4.sinaimg.cn/large/6da18ef0gy1g0zw46oeyxj22c03404qx.jpg,https://wx3.sinaimg.cn/large/6da18ef0gy1g0zw4hqfppj21sr2p4hdz.jpg",,,2019-03-12,烬送的iPhone XS Max,341,74,34,,
4343658054542656,HijKdj3KE,有肉 ,,"https://wx1.sinaimg.cn/large/6da18ef0gy1g0ivblw33aj21sg2ds4qu.jpg,https://wx1.sinaimg.cn/large/6da18ef0gy1g0ivbg5xegj22c03401ky.jpg,https://wx3.sinaimg.cn/large/6da18ef0gy1g0ivbchpbbj21sg2dsnpk.jpg,https://wx1.sinaimg.cn/large/6da18ef0gy1g0ivcco4j8j20hd0uvtm7.jpg",,,2019-02-25,烬送的iPhone XS Max,322,55,32,,
4337268133690640,HfDvTfu6s,如果互粉的好友被修了。请告知。 ,,https://wx2.sinaimg.cn/large/6da18ef0gy1fzyhg35ercj20yi22o4c8.jpg,,,2019-02-08,烬送的iPhone XS Max,77,24,2,,
4337078206267410,Hfyzyqirg,新年好！今天份的腿仔[給你小心心]（我觉得腿子真的瘦了一点点 ,,"https://wx2.sinaimg.cn/large/6da18ef0gy1fzxvmyotcbj21sg2ds4qu.jpg,https://wx4.sinaimg.cn/large/6da18ef0gy1fzxvn0bopbj21sg2dsu11.jpg,https://wx3.sinaimg.cn/large/6da18ef0gy1fzxvn1xuj0j21sg2ds1l3.jpg",,,2019-02-07,烬送的iPhone XS Max,463,85,52,,
4336101256583122,Hf99PrCzo,提前祝大家新年快乐不知道说什么，就希望大家在新的一年继续喜欢我！谢谢！ ,,"https://wx1.sinaimg.cn/large/6da18ef0gy1fzurgnhb1hj20u013yaoj.jpg,https://wx4.sinaimg.cn/large/6da18ef0gy1fzurggay1vj20u01hctn2.jpg,https://wx3.sinaimg.cn/large/6da18ef0gy1fzurgim664j20u01hbqfy.jpg,https://wx1.sinaimg.cn/large/6da18ef0gy1fzurgkskysj20u013yk5f.jpg",,,2019-02-04,烬送的iPhone XS Max,427,71,23,,
4333828057678096,Hec1nwdqg,我觉得真的要珍惜那位不嫌弃你一直陪在你身边的那个人呢 ,,,,,2019-01-29,烬送的iPhone XS Max,82,23,1,,
4329783183453544,HcuNoeuqk,好久没发过照片了 ,,"https://wx4.sinaimg.cn/large/6da18ef0gy1fzalo1qy78j20u013y7fn.jpg,https://wx3.sinaimg.cn/large/6da18ef0gy1fzalo2p7nzj20u01904bb.jpg,https://wx2.sinaimg.cn/large/6da18ef0gy1fzalo39mycj20u013ydp2.jpg,https://wx4.sinaimg.cn/large/6da18ef0gy1fzalpj4zinj20u013y49b.jpg,https://wx3.sinaimg.cn/large/6da18ef0gy1fzaltyldy7j20u013y465.jpg,https://wx3.sinaimg.cn/large/6da18ef0gy1fzaltx7m7ej20u013ywmb.jpg",,,2019-01-18,烬送的iPhone XS Max,490,74,65,,
4328863234174777,Hc6RBhw37,有没有追人的技巧可以教教我 ,,,,,2019-01-15,烬送的iPhone XS Max,70,124,6,,
4323444709601113,H9PU2EhGF,@神奇与一 我跟老婆认识了6年啦[給你小心心][給你小心心]不管未来度过多少个春夏秋冬、朝朝暮暮………我都会一直爱着你[給你小心心]永远都不会腻[給你小心心] ,,https://wx1.sinaimg.cn/large/6da18ef0ly1fyqdtsrgqjj20u01407d4.jpg,,,2019-01-01,烬送的iPhone XS Max,189,18,6,,神奇与一
4323440826041186,H9PNMplAu,偷偷许下愿望：2019，能和喜欢的人永远在一起。祝愿所有人都幸福[給你小心心] ,,,,,2019-01-01,烬送的iPhone XS Max,117,15,0,,
4322931260238698,H9CxU105Y,现在，出发了 ,,https://wx2.sinaimg.cn/large/6da18ef0ly1fyoqwk4vi5j20u0140dol.jpg,,,2018-12-30,烬送的iPhone XS Max,307,46,11,,
4321883857710280,H9bixwlNm,30号萤火虫我出这一套。距离上一次去漫展时间：1年 ,,https://wx2.sinaimg.cn/large/6da18ef0gy1fylekukkeaj20e70k476x.jpg,,,2018-12-27,烬送的iPhone XS Max,161,54,1,,
4320819519866841,H8JBRFoOB,#玉藻前# 玉藻前：@老鼠mayuyu摄影：@坂道道 后期：@Cai布林 后勤：@_Ym____ 圣诞快乐。谢谢大家的支持[給你小心心] ,,"https://wx1.sinaimg.cn/large/6da18ef0gy1fyhzxr8pacj20rt2w5qr3.jpg,https://wx2.sinaimg.cn/large/6da18ef0gy1fyhzxs9zkjj21440u07dc.jpg,https://wx3.sinaimg.cn/large/6da18ef0gy1fyhzxt92wej21440u0gul.jpg,https://wx2.sinaimg.cn/large/6da18ef0gy1fyhzxuav0nj21440u0akc.jpg,https://wx1.sinaimg.cn/large/6da18ef0gy1fyhzxvg1ewj20u018zthc.jpg,https://wx3.sinaimg.cn/large/6da18ef0gy1fyhzxyb0b5j21440u0jz3.jpg,https://wx3.sinaimg.cn/large/6da18ef0gy1fyhzxx2igsj20sd1p1n89.jpg,https://wx4.sinaimg.cn/large/6da18ef0gy1fyhzzcu113j20u018zthb.jpg,https://wx1.sinaimg.cn/large/6da18ef0gy1fyhzxzeq7sj21440u0wmy.jpg",,,2018-12-24,烬送的iPhone XS Max,701,92,485,玉藻前,"老鼠mayuyu,坂道道,Cai布林,_Ym____"
4320753467590053,H8HTkvQwd,今晚发套正片[給你小心心] ,,,,,2018-12-24,烬送的iPhone XS Max,101,17,1,,
4319616773320616,H8ejXdVQk,新手机[給你小心心] ,,https://wx2.sinaimg.cn/large/6da18ef0gy1fye68rc67yj23402c0x6w.jpg,,,2018-12-21,烬送的iPhone X,111,48,1,,
4314917446219507,H6g4oq5YD,放一点存货吧 ,,"https://wx4.sinaimg.cn/large/6da18ef0gy1fxz6i6enj9j20qo0zjqcb.jpg,https://wx3.sinaimg.cn/large/6da18ef0gy1fxzbwpbc3aj20qo0zjqd5.jpg,https://wx1.sinaimg.cn/large/6da18ef0gy1fxz6i7c6p4j20qo0ziq8r.jpg,https://wx2.sinaimg.cn/large/6da18ef0gy1fxz6i9kng1j20i31jb7c8.jpg,https://wx4.sinaimg.cn/large/6da18ef0gy1fxz6iahzasj20qo0zi0zd.jpg,https://wx2.sinaimg.cn/large/6da18ef0gy1fxz6ikb1qyj20qo1bfqdq.jpg",,,2018-12-08,烬送的iPhone X,584,68,129,,
4312082604504981,H54k4iTWZ,今年就这样吧[給你小心心] ,,"https://wx1.sinaimg.cn/large/6da18ef0gy1fxq4l6v3ipj21hc0u04mz.jpg,https://wx4.sinaimg.cn/large/6da18ef0gy1fxq4y8by2gj20v90hk7j4.jpg,https://wx4.sinaimg.cn/large/6da18ef0gy1fxq4wlxsm3j21hc0u0x31.jpg,https://wx1.sinaimg.cn/large/6da18ef0gy1fxq4y087lsj20v90hkdvc.jpg",,,2018-11-30,烬送的iPhone X,88,26,0,,
4309807680332855,H478Q1oAD,早上好[太陽] ,,"https://wx1.sinaimg.cn/large/6da18ef0gy1fxivnzojqqj21sg2dsnpi.jpg,https://wx3.sinaimg.cn/large/6da18ef0gy1fxivnv7ytvj21sg1sc7wl.jpg,https://wx3.sinaimg.cn/large/6da18ef0gy1fxivoqj7m1j20ny23hx6q.jpg,https://wx3.sinaimg.cn/large/6da18ef0gy1fxivpec7wvj20qo1qrqh6.jpg",,,2018-11-24,烬送的iPhone X,348,42,31,,
4308789538546704,H3GEFzRo4,我有一点不明白：有些人说一个女生那么多人追，是因为她看起来很廉价很好追。真正的女神是没人敢追的。我觉得优秀的人才会有人去追，因为她足够优秀让人耳目一新。而不是觉得好追廉价才多人追 ,,,,,2018-11-21,烬送的iPhone X,106,53,2,,
4303672151957542,H1xwP8dfg,在看什么呢，宝贝们 ,,"https://wx1.sinaimg.cn/large/6da18ef0gy1fwzb0jxsgcj20qo0ziwl9.jpg,https://wx3.sinaimg.cn/large/6da18ef0gy1fwzb0lc41dj20qo1b0qap.jpg,https://wx4.sinaimg.cn/large/6da18ef0gy1fwzb0iu34wj20qo1bfth4.jpg",,,2018-11-07,烬送的iPhone X,413,91,33,,
4303319583716539,H1omafAQb,俏咪咪更新一波自拍。出售本人，有人要吗 ,,"https://wx2.sinaimg.cn/large/6da18ef0gy1fwy6j2e73cj21sg2ds7wn.jpg,https://wx1.sinaimg.cn/large/6da18ef0gy1fwy6j93icxj21sg2dshdz.jpg,https://wx2.sinaimg.cn/large/6da18ef0gy1fwy6jee9rjj21sg2dshdz.jpg,https://wx3.sinaimg.cn/large/6da18ef0gy1fwy6jeyo1dj208j08q3z3.jpg",,,2018-11-06,烬送的iPhone X,340,123,16,,
4303317888490548,H1ojqzCMk,卡密尔到底改怎么打野？我这几天练的头都要秃了。打野等级落后，gank队友跟不上，开团我成炮灰虽然都赢了但感觉自己好没有用 ,,,,,2018-11-06,烬送的iPhone X,52,75,1,,
4302335205193343,H0YKslN1B,赢了啊啊啊啊啊啊啊！！！ ,,,,,2018-11-03,烬送的iPhone X,152,13,1,,
4302326249823411,H0Yw0Fdw7,ig加油啊！ ,,https://wx1.sinaimg.cn/large/6da18ef0gy1fwv0g1jrz5j20qo0zkdng.jpg,,,2018-11-03,烬送的iPhone X,110,12,2,,
4299705141507164,GFPMK6k56,现实重现。没爱了。 ,,"https://wx1.sinaimg.cn/large/6da18ef0gy1fwmne8v7wcj20p417jgpd.jpg,https://wx4.sinaimg.cn/large/6da18ef0gy1fwmne9530hj20p117c0wh.jpg,https://wx2.sinaimg.cn/large/6da18ef0gy1fwmne85pddj20u019mdk1.jpg,https://wx4.sinaimg.cn/large/6da18ef0gy1fwmnec4hc7j22c0340e82.jpg",,,2018-10-27,烬送的iPhone X,79,45,34,,
4299071026462015,GFzhYr743,澄清一下。本人，没有任何粉丝群，不会利用自己照片援交，网恋，诈骗。不会diss自己的国家。不会瞧不起任何一个人。我只是一个爱玩游戏，偶尔出下cos的普通人。请大家不要相信利用照片实行诈骗等行为。我只能做到尽我所能的防治一切不利事情发生。 ,,"https://wx1.sinaimg.cn/large/6da18ef0gy1fwkmea70s3j20ql1d4wns.jpg,https://wx3.sinaimg.cn/large/6da18ef0gy1fwkmeyykovj20qg0codis.jpg,https://wx4.sinaimg.cn/large/6da18ef0gy1fwkme82iapj20k00zkn18.jpg,https://wx1.sinaimg.cn/large/6da18ef0gy1fwkme68rirj20k00zkjtw.jpg,https://wx2.sinaimg.cn/large/6da18ef0gy1fwkme6g12nj20k00zktax.jpg,https://wx3.sinaimg.cn/large/6da18ef0gy1fwkme6qr9cj20u01hcq8y.jpg,https://wx2.sinaimg.cn/large/6da18ef0gy1fwkme6y2npj20k00zkjtt.jpg",,,2018-10-25,烬送的iPhone X,126,48,63,,
4297148654977753,GELhnkSWl,早 ,,"https://wx4.sinaimg.cn/large/6da18ef0gy1fweht3lf2jj20qo14k11h.jpg,https://wx3.sinaimg.cn/large/6da18ef0gy1fweht4ce88j20qo0zitgh.jpg,https://wx1.sinaimg.cn/large/6da18ef0gy1fweht2vpdvj20qp0qp0zc.jpg,https://wx1.sinaimg.cn/large/6da18ef0gy1fweht5333lj20qo140do6.jpg,https://wx2.sinaimg.cn/large/6da18ef0gy1fweht5td0ij20qo0zik18.jpg,https://wx3.sinaimg.cn/large/6da18ef0gy1fweht6mjxmj20qo0zigtq.jpg",,,2018-10-20,烬送的iPhone X,281,35,18,,
4292596731733070,GCQRz7gQK,@神奇与一 我爱你 ,,"https://wx3.sinaimg.cn/large/6da18ef0gy1fvzz1avz9tj21sg2f17wn.jpg,https://wx2.sinaimg.cn/large/6da18ef0gy1fvzz16wk4jj21hr1zk4qu.jpg,https://wx3.sinaimg.cn/large/6da18ef0gy1fvzz0idkghj21hr1zk1l2.jpg,https://wx1.sinaimg.cn/large/6da18ef0gy1fvzz0temafj21hr1zk7wk.jpg,https://wx2.sinaimg.cn/large/6da18ef0gy1fvzz0vlpbcj21hr1zk7wk.jpg,https://wx3.sinaimg.cn/large/6da18ef0gy1fvzz0zicvgj21hr1zkkjp.jpg",,,2018-10-07,烬送的iPhone X,167,26,20,,神奇与一
4291367393772381,GCkSLfPmR,我感觉玩了这么久lol，最失败的一点是没有任何代表英雄。不知道你们有没有这样的感觉，如果xx选了某英雄，你内心就觉得这局十拿九稳了。即使输了或者操作失误也依旧觉得他很强。而我却没有让人这样安心的感觉。 ,,,,,2018-10-04,烬送的iPhone X,89,153,8,,
4291327736824338,GCjQNsDjY,求了很多人但依旧没消息的包包[淚][淚]难过得想哭 ,,https://wx4.sinaimg.cn/large/6da18ef0gy1fvvx9zeorpj22c02c01kx.jpg,,,2018-10-04,烬送的iPhone X,55,33,2,,
4284271646335224,Gzmi0qA52,垃圾服务器[攤手][攤手][攤手] ,,https://wx1.sinaimg.cn/large/6da18ef0gy1fv9ewtfzudj21hc0u07iz.jpg,,,2018-09-14,烬送的iPhone X,86,47,1,,
4283735219764239,Gz8kNEY7J,一开始接触我，觉得我很温柔，脾气很好。过了几个月，我因为很多原因，冲其他人发了脾气。他说：你脾气真差，都不懂得控制自己的情绪。我之前树立良好的形象，在我说完发脾气的那一句话之后就不复存在了。做了九件好事，就仅此做了一件坏事，我就从一个好人变成了坏人。还不如一开始做坏人，更轻松。,,https://wx1.sinaimg.cn/large/6da18ef0gy1fv7p60erfgj20sg0sgtd2.jpg,,,2018-09-13,烬送的iPhone X,108,77,1,,
4279168143899690,Gxdwygmue,#腿# 夏日长腿攻略摄影：@-Eiuo_扒拉 小小的福利~希望大家喜欢转发支持谢谢 ,,"https://wx1.sinaimg.cn/large/6da18ef0gy1fut4ku6zh2j20m90xc1kx.jpg,https://wx4.sinaimg.cn/large/6da18ef0gy1fut4kxef5oj20n24mokjm.jpg,https://wx2.sinaimg.cn/large/6da18ef0gy1fut4kxess7j20n22s0qv5.jpg,https://wx4.sinaimg.cn/large/6da18ef0gy1fut4kx2i6gj20n22s0x6p.jpg,https://wx1.sinaimg.cn/large/6da18ef0gy1fut4ku2tydj20m90xc7r0.jpg,https://wx4.sinaimg.cn/large/6da18ef0gy1fut4ku2chxj20m90xce2s.jpg,https://wx4.sinaimg.cn/large/6da18ef0gy1fut4kw7sgvj20m90xc4qp.jpg,https://wx1.sinaimg.cn/large/6da18ef0gy1fut4ku5xy7j20xc0m97rt.jpg,https://wx1.sinaimg.cn/large/6da18ef0gy1fut4kxcvvjj20y61ure81.jpg",,,2018-08-31,360安全浏览器,1276,194,1135,,-Eiuo_扒拉
4279136786817373,GxcHYsBvD,今晚有福利要发 ,,,,,2018-08-31,烬送的iPhone X,150,33,0,,
4276994475123377,GwiYDluP7,今天拍的[親親] ,,"https://wx1.sinaimg.cn/large/6da18ef0gy1fum7538ldpj22c0340kjl.jpg,https://wx3.sinaimg.cn/large/6da18ef0gy1fum74wxwoij22c0340npd.jpg",,,2018-08-25,烬送的iPhone X,169,38,4,,
4274790062073294,GvnD88Hme,有些距离 ,,"https://wx3.sinaimg.cn/large/6da18ef0gy1fuf5ypb3pcj20g4092abf.jpg,https://wx4.sinaimg.cn/large/6da18ef0gy1fuf5yp5svhj20cs09l3yz.jpg",,,2018-08-19,烬送的iPhone X,58,36,2,,
4263433262710959,GqCbIbnf9,昨天。我忘了。放两张，过几天就有正片了[好喜歡] ,,"https://wx4.sinaimg.cn/large/6da18ef0gy1ftexnavke8j20xr190b2a.jpg,https://wx2.sinaimg.cn/large/6da18ef0gy1ftexn61gioj20xr190e82.jpg",,,2018-07-19,烬送的iPhone X,433,80,57,,
4263167440021541,GqvgY05Br,等会发 ,,https://wx4.sinaimg.cn/large/6da18ef0gy1fte34jvr1lj20k00zk41w.jpg,,,2018-07-18,烬送的iPhone X,251,52,8,,
4259552587179475,GoZeyu7HZ,吸猫 ,,"https://wx1.sinaimg.cn/large/6da18ef0gy1ft2jym5798j20qo0zkwku.jpg,https://wx2.sinaimg.cn/large/6da18ef0gy1ft2jyl6wypj20qo0zkjxl.jpg,https://wx4.sinaimg.cn/large/6da18ef0gy1ft2jyndfx3j20qo0zkjwt.jpg,https://wx1.sinaimg.cn/large/6da18ef0gy1ft2jyo34mnj20qo0qo79x.jpg",,,2018-07-08,烬送的iPhone X,512,68,24,,
4255465532022361,GngUx8u6J,带妹这么有意思的吗？有人带带我飞吗[攤手] ,,https://wx1.sinaimg.cn/large/6da18ef0gy1fspik3wrf7j201b01cdfo.jpg,,,2018-06-27,烬送的iPhone X,115,78,3,,
4254033897961909,GmFFrxpfT,准备出恋与制作人女主，长得跟她像吗？[太開心] ,,"https://wx3.sinaimg.cn/large/6da18ef0gy1fsky43tongj20xr1904qp.jpg,https://wx1.sinaimg.cn/large/6da18ef0gy1fsky44ms7qj22802804jb.jpg",,,2018-06-23,烬送的iPhone X,288,80,15,,
4252183521798661,GlTwY7xUF,祝@神奇与一 我的老婆生日快乐！！我是何等幸运能在茫茫人海中遇见你她是全世界最好的人。生活不如意十有八九，但是有她在身边总觉得所有的不如意都是幸福。所以我同意你们喜欢她多过我了。反正她是我的。（改编自加菲语录 ,,"https://wx1.sinaimg.cn/large/6da18ef0gy1fsf1g67zngj21jk0yq1jz.jpg,https://wx2.sinaimg.cn/large/6da18ef0gy1fsf1g9qhw1j21jk2e4kin.jpg,https://wx1.sinaimg.cn/large/6da18ef0gy1fsf1gqpkibj20u0140nmz.jpg,https://wx4.sinaimg.cn/large/6da18ef0gy1fsf1gax6xrj22ao328u0y.jpg,https://wx2.sinaimg.cn/large/6da18ef0gy1fsf1ipmny2j20qo0zkq8h.jpg,https://wx1.sinaimg.cn/large/6da18ef0gy1fsf1gda4swj20ku0kuwth.jpg,https://wx2.sinaimg.cn/large/6da18ef0gy1fsf1gcadrnj2140140dmt.jpg,https://wx2.sinaimg.cn/large/6da18ef0gy1fsf1gcr2dsj21401407c1.jpg,https://wx3.sinaimg.cn/large/6da18ef0gy1fsf1ioytvxj20ku0kuaop.jpg",,,2018-06-18,烬送的iPhone X,230,16,33,,神奇与一
4251859369539811,GlL68E1JV,转发抽奖 转抽2位平分200摄影：@坂道道  谢谢坂道爸爸生日快乐~毕业快乐~希望大家喜欢！6月21日生日抽[小黃人剪刀手] ,,"https://wx2.sinaimg.cn/large/6da18ef0gy1fsdy8lyoiij21jk112hbr.jpg,https://wx2.sinaimg.cn/large/6da18ef0gy1fsdy8ks4cgj21jk2bnb2c.jpg,https://wx2.sinaimg.cn/large/6da18ef0gy1fsdy8ix9omj22bc1g3e70.jpg,https://wx2.sinaimg.cn/large/6da18ef0gy1fsdy8muojnj21jk2hpb1l.jpg",,,2018-06-17,烬送的iPhone X,658,151,628,,坂道道
4251487611599720,GlBqx6I9W,明天发一下生贺+毕业的片，有人会看吗…[淚] ,,,,,2018-06-16,烬送的iPhone X,219,87,2,,
4249317570986474,GkGYt48CS,早安 ,,"https://wx2.sinaimg.cn/large/6da18ef0gy1fs5wh7f390j20qo0zk7co.jpg,https://wx3.sinaimg.cn/large/6da18ef0gy1fs5wfdmm88j20qo0zkgqm.jpg,https://wx1.sinaimg.cn/large/6da18ef0gy1fs5wfevk8pj20qo0zkdn0.jpg,https://wx2.sinaimg.cn/large/6da18ef0gy1fs5wfge4ryj20qo0zk10s.jpg",,,2018-06-10,烬送的iPhone X,887,139,156,,
4247974768540798,Gk82EzPQO,高考是最后一次凭自己的时候了。以后除了拼脸、还要拼爹今年高考的同学们加油[加油] ,,,,,2018-06-06,烬送的iPhone X,128,32,1,,
4243642875114959,GijlJlsDl,cos只是我生活的一小部分了，我不能再像以前上学的时候一有空就跑漫展拍片了，谢谢你们喜欢我的cos，但请别催我或者骂我懒惰不拍cos。因为每个人都有每个人以后要走的路，孰轻孰重我分得清。 ,,,,,2018-05-25,烬送的iPhone X,285,50,1,,
4243599488807261,GiidKAXaB,今天份的自拍[太開心]ip前置出品[小黃人剪刀手] ,,"https://wx1.sinaimg.cn/large/6da18ef0gy1frnnqabgorj20qq0zk1kx.jpg,https://wx2.sinaimg.cn/large/6da18ef0gy1frnnrwfwhij21f31w04qs.jpg",,,2018-05-25,烬送的iPhone X,351,31,8,,
4242899451283917,Gi00F5o0l,遇到让你心动的人怎么办？你难道忘了，一开始她是最让你心动的人。真希望所有感情都能被真诚对待吧 ,,,,,2018-05-23,烬送的iPhone X,110,37,3,,
4241704779536802,GhuVLE0Xo,以前都是我送你们礼物，今天换你们送我礼物了！要求不高，给我发个红包就好，收款码在评论[小黃人剪刀手] ,,,,,2018-05-20,烬送的iPhone X,116,69,0,,
4241540832311504,GhqFl9Hkk,520～给你们灿烂的笑容[可愛]今天可以向我表白哦！都会回复的～[小黃人剪刀手] ,,https://wx4.sinaimg.cn/large/6da18ef0gy1frh31ygkpkj20xb18gthb.jpg,,,2018-05-20,烬送的iPhone X,326,413,8,,
4241134412790403,Ghg5PbHUv,第一次拿自己的照片当头像，心虚 ,,,,,2018-05-18,烬送的iPhone X,175,72,1,,
4241083754215408,GheM7hGCs,好看吗？ ,,"https://wx1.sinaimg.cn/large/6da18ef0gy1frfh1nftphj20qo0zktfw.jpg,https://wx3.sinaimg.cn/large/6da18ef0gy1frfh3ld7zxj20qo0zijy5.jpg,https://wx3.sinaimg.cn/large/6da18ef0gy1frfh4glnj0j20qo0zk7c9.jpg,https://wx4.sinaimg.cn/large/6da18ef0gy1frfh1jda3qj20qo0zmjzi.jpg",,,2018-05-18,烬送的iPhone X,493,121,54,,
4240965461665120,GhbHk6ZaM,今天妈妈无意中看到我的桌面，问我：这女孩画的是你吗？感觉挺像的。我说：是我是我是我这女孩是我！这男孩是我男朋友哈哈哈哈哈哈 （人不要脸，天下无敌。可能说的就是我吧[小黃人剪刀手] ,,https://wx2.sinaimg.cn/large/6da18ef0gy1frf999akxaj20v91voe88.jpg,,,2018-05-18,烬送的iPhone X,94,28,2,,
4240731477915559,Gh5BVxdcj,祝我最美的妈妈生日快乐！！一辈子爱您！[小黃人剪刀手] ,,"https://wx2.sinaimg.cn/large/6da18ef0gy1freic3lmlhj20v815onpd.jpg,https://wx2.sinaimg.cn/large/6da18ef0gy1freibs5oibj22ao3284qr.jpg,https://wx4.sinaimg.cn/large/6da18ef0gy1freibqrcqrj23402c04qs.jpg",,,2018-05-17,烬送的iPhone X,207,53,5,,
4240366360226061,GgW720WO9,昨天小号发的网骗图 ,,https://wx2.sinaimg.cn/large/6da18ef0gy1frdcgds0lyj20xr190axj.jpg,,,2018-05-16,烬送的iPhone X,308,27,9,,
4238631889275020,GgcZuCUR6,我偷偷下了魔法你们都看不到这条 ,,"https://wx1.sinaimg.cn/large/6da18ef0gy1fr7t89dpn2j21sg2eqhdz.jpg,https://wx1.sinaimg.cn/large/6da18ef0gy1fr7t8bn3yrj21sg1sg4qs.jpg",,,2018-05-11,烬送的iPhone X,476,91,22,,
4238440608963035,Gg80YBBH5,继续试探 ,,"https://wx1.sinaimg.cn/large/6da18ef0gy1fr77a0v2ybj20qq0qo79m.jpg,https://wx1.sinaimg.cn/large/6da18ef0gy1fr77a051alj20qq0qoaef.jpg,https://wx1.sinaimg.cn/large/6da18ef0gy1fr77a1t5k1j20qo0zigt8.jpg,https://wx4.sinaimg.cn/large/6da18ef0gy1fr77a2r0vgj20qo0ziwm9.jpg",,,2018-05-11,烬送的iPhone X,429,79,28,,
4235552087923876,GeUS4xfms,是不是很多人都对秘书这个行业有偏见？有一次有人问到我你想做的职业是什么。我说是秘书，如果是总经理的秘书那就是最好的了。（因为我了解秘书，一个优秀的秘书是具有全能的人才才可以胜任的）结果那个人来了一句：啊你的梦想就是去当别人小三啊？我[攤手][攤手][攤手] ,,,,,2018-05-03,烬送的iPhone X,130,189,4,,
4233380214418385,Ge0n3ixqh,玩了那么久恋与制作人…我发现我最喜欢的人是女主………… ,,https://wx2.sinaimg.cn/large/6da18ef0gy1fqr23pl5ulj20g40snwht.jpg,,,2018-04-27,烬送的iPhone X,107,20,2,,
4231213256975314,Gd5ZXtgB4,今天是不良少女 ,,"https://wx3.sinaimg.cn/large/6da18ef0gy1fqk586r87sj20qo0zi0zj.jpg,https://wx3.sinaimg.cn/large/6da18ef0gy1fqk584r8d1j20qo1407co.jpg,https://wx1.sinaimg.cn/large/6da18ef0gy1fqk588cp85j20qq0qojwg.jpg,https://wx3.sinaimg.cn/large/6da18ef0gy1fqk58b5etjj20qo14fn6b.jpg",,,2018-04-21,烬送的iPhone X,721,139,123,,
4230287313515845,GcHUveKDb,看到这条微博的小伙伴们点个赞可以吗？我想看看我最近被限流到多少 ,,,,,2018-04-18,烬送的iPhone X,1361,41,0,,
4230218921367516,GcG8c5JKI,我可爱，还是球球可爱？[並不簡單] ,,"https://wx4.sinaimg.cn/large/6da18ef0gy1fqgyzgm98tj21401hcb2a.jpg,https://wx3.sinaimg.cn/large/6da18ef0gy1fqgyzjdc0wj21401hcb2a.jpg,https://wx4.sinaimg.cn/large/6da18ef0gy1fqgz01g2jlj20v815ob29.jpg,https://wx3.sinaimg.cn/large/6da18ef0gy1fqgz1def1kj20r30r3x1o.jpg",,,2018-04-18,烬送的iPhone X,234,108,7,,
4227003110710346,Gbktp2YNc,[愛你]补4张自拍！接下来一段时间我要准备考试啦~更新减少。抱歉哦小伙伴们[淚] ,,"https://wx2.sinaimg.cn/large/6da18ef0gy1fq6pp704vrj21sg2ds7wj.jpg,https://wx1.sinaimg.cn/large/6da18ef0gy1fq6ppa352oj21sg2dsnpe.jpg,https://wx2.sinaimg.cn/large/6da18ef0gy1fq6ppdhvhyj21sg2ds1kz.jpg,https://wx4.sinaimg.cn/large/6da18ef0gy1fq6ppnwd5wj21sg2ds1kz.jpg",,,2018-04-09,烬送的iPhone X,333,57,15,,
4226230096729702,Gb0mBseHA,关注莫名其妙掉了几个，如果有以前互粉的发现我单向取关你的请告诉我🙏谢谢。 ,,,,,2018-04-07,烬送的iPhone X,100,42,0,,
4225494171568363,GaHdD6A0b,谢谢大家关心，我已经没事啦真的很感谢大家，爱你们 ,,,,,2018-04-05,烬送的iPhone X,138,19,0,,
4224431586637060,GafzMrQBm,水印不能放右下角或不打水印。防止盗图。有关于卖腿吸粉一说。我不否认我喜欢发腿照，因为我喜欢自己的腿。至于吸不吸粉吧，我都是随缘的，你愿意看，可以关注我；你不愿意看，可以屏蔽我。谢谢大家的支持[愛你] ,,https://wx2.sinaimg.cn/large/6da18ef0gy1fpyi8dgp2qj20jg0jg0tw.jpg,,,2018-04-02,烬送的iPhone X,181,80,1,,
4223959555838311,Ga3irouOj,其实我真的很讨厌你们，讨厌你们虚伪的夸我，讨厌你们给我点赞，讨厌…………算了，愚人节快乐[愛你] ,,https://wx4.sinaimg.cn/large/6da18ef0gy1fpx05v5gm9j21sg1sgb2a.jpg,,,2018-04-01,烬送的iPhone X,443,56,8,,
4223678839697471,G9VZFEGKP,今天参加公司晚宴[求關注]（我发现我胖了 ,,"https://wx1.sinaimg.cn/large/6da18ef0gy1fpw3uzivabj20qo0zkwk7.jpg,https://wx3.sinaimg.cn/large/6da18ef0gy1fpw3v0nppmj20qo0zkag5.jpg,https://wx1.sinaimg.cn/large/6da18ef0gy1fpw3v27w41j20qo140do1.jpg",,,2018-03-31,烬送的iPhone X,367,68,17,,
4222142579682536,G9i1PECRW,第一台台式电脑[求關注]终于可以放下那被我泼了3次汤依旧坚挺的笔记本了[淚] ,,https://wx1.sinaimg.cn/large/6da18ef0gy1fpr7gfes0qj21d50qon5i.jpg,,,2018-03-27,烬送的iPhone X,131,66,0,,
4220131733525076,G8rIxeN24,欧气[求關注][求關注] ,,https://wx3.sinaimg.cn/large/6da18ef0gy1fpksji21pjj20qo1lrq8w.jpg,,,2018-03-21,烬送的iPhone X,107,44,0,,
4218665018877295,G7PyRBfob,wegame没有帮我截图[淚]只能进入回放默默的截个图。虽然是大乱斗但五杀就是五杀！！！ ,,https://wx4.sinaimg.cn/large/6da18ef0gy1fpg42l6t84j21bf0qonbi.jpg,,,2018-03-17,烬送的iPhone X,116,31,2,,
4218629161626034,G7OD26P0m,为什么打个游戏能喜欢上对方[疑問] ,,,,,2018-03-17,烬送的iPhone X,64,49,2,,
4217215614367573,G7dR7ikcJ,刚刚我日本的朋友打电话过来，我在父母面前叽里呱啦讲了一堆。挂完电话我爸爸很惊奇的看着我：“哇女儿，没想到你居然会说日语！”我那时很开心：“那当然！”还想着我爸爸会夸我几句。没想到他来了一句：“那我看的抗日战争的电视剧那些日本鬼子说了什么你到时给我翻译翻译吧！”[費解][費解][費解] ,,https://wx3.sinaimg.cn/large/6da18ef0gy1fpbhkinuk4j20cu09hq3i.jpg,,,2018-03-13,烬送的iPhone X,146,50,6,,
4215955691153033,G6H4Z4PXj,请问小伙伴们，机械键盘茶轴红轴青轴的区别。以及我想买一款不要那么吵的键盘，买什么轴比较好。谢谢 ,,,,,2018-03-10,烬送的iPhone X,58,161,1,,
4215276876709716,G6pq7s9ve,祝我最美的妈妈节日快乐翻了一下相册感觉好久没有跟妈妈合照过了[淚]以后要多拍拍！！ ,,"https://wx3.sinaimg.cn/large/6da18ef0gy1fp5avhh01xj20qo0zi11q.jpg,https://wx1.sinaimg.cn/large/6da18ef0gy1fp5aya83cfj20qo0zkguj.jpg",,,2018-03-08,烬送的iPhone X,173,20,0,,
4214910864810381,G6fTMkboN,对于我来说这是今年最好的消息[淚][淚]真的太开心了！！每天都在说求求你把妖姬改回来吧…每天许下的愿望终于实现了[淚][淚] ,,"https://wx3.sinaimg.cn/large/6da18ef0gy1fp44w0ml8wj20qo1lrdou.jpg,https://wx3.sinaimg.cn/large/6da18ef0gy1fp44vzgfjmj20qo4t9kda.jpg",,,2018-03-07,烬送的iPhone X,73,71,12,,
4214318587506073,G60uuvuFH,有没有英雄联盟的大师王者带可爱的🐭开黑[可憐]会喊666的那种 ,,https://wx1.sinaimg.cn/large/6da18ef0gy1fp28woj2fhj20qo0qoag8.jpg,,,2018-03-05,烬送的iPhone X,73,56,2,,
4212867181766759,G5oJw7pC7,今年最开心的事情就是拿到了faker的签名[求關注][求關注]感谢英雄联盟官博君 ,,https://wx1.sinaimg.cn/large/6da18ef0gy1foxm7cnr36j20qo1lr7km.jpg,,,2018-03-01,烬送的iPhone X,162,28,3,,
4210579784962534,G4reakOYS,不能散发负能量最近事情好多让我一点就炸…给大家带来不好的回忆。对不起！我会努力工作，赚钱宠粉 ,,,,,2018-02-23,烬送的iPhone X,137,37,1,,
4208496226411389,G3z1AqTTv,看到首页里面很多人刷这个戒指，我也偷偷的晒一下[並不簡單]收到的时候没感觉好看、但越看越觉好看[求關注] ,,https://wx3.sinaimg.cn/large/6da18ef0gy1fojo64ei1zj20qo0zktdi.jpg,,,2018-02-17,烬送的iPhone X,115,31,1,,
4207841688577713,G3hZSzZsd,新年快乐！请收下我的小心心 ,,https://wx4.sinaimg.cn/large/6da18ef0gy1fohl1lud4kj201i01gq2p.jpg,,,2018-02-16,烬送的iPhone X,215,52,2,,
4207750466057126,G3fCKppJA,即将上演亲戚朋友们的年度攀比撕逼大战年夜饭如同战场。希望自己能侥幸不被注目 ,,,,,2018-02-15,烬送的iPhone X,113,49,0,,
4207042643909635,G2Xd6gp4D,回老家了。小型家聚。婶婶问我：有没有男朋友？我：有。她：多大啊？做什么的啊？我：比我大，是个艺术家[並不簡單]她：什么艺术家？我：音乐艺术家 ,,https://wx3.sinaimg.cn/large/6da18ef0gy1fof171bwmsj201i01gq2p.jpg,,,2018-02-13,烬送的iPhone X,116,61,0,,
4206009545078441,G2wkOlj8l,9449266428326474689653942464436548 ,,,,,2018-02-10,烬送的iPhone X,108,58,3,,
4205126463406944,G29mueiiI,好 ,,"https://wx3.sinaimg.cn/large/6da18ef0gy1fo8x7eyvfdj20qo1bf0xf.jpg,https://wx4.sinaimg.cn/large/6da18ef0gy1fo8x7f8s14j20qo1bfjvu.jpg,https://wx3.sinaimg.cn/large/6da18ef0gy1fo8x7fiaz5j20qo1bfwj2.jpg,https://wx2.sinaimg.cn/large/6da18ef0gy1fo8x7gyp2gj20qo1bfn4n.jpg",,,2018-02-08,烬送的iPhone X,50,9,1,,
4204521356496026,G1TCvrfUC,喜欢 ,,https://wx1.sinaimg.cn/large/6da18ef0gy1fo6zpq79auj20qo0qo44y.jpg,,,2018-02-06,烬送的iPhone X,113,29,0,,
4204147203488953,G1JT2eDDr,这几天想在b站直播打lol，不开麦。（因为打游戏的我太没素质了）不知道大家有没有兴趣看 ,,,,,2018-02-05,烬送的iPhone X,148,69,0,,
4202331824151445,G0YF0hpYN,带不动妹，就是菜你带不动，我来带 ,,,,,2018-01-31,烬送的iPhone X,86,25,0,,
4199153569391272,FFBr6Dp68,身体欠佳，停更几日养病🙏小伙伴要多注意身体 ,,,,,2018-01-23,烬送的iPhone X,99,36,0,,
4198325882964891,FFfU8criP,这是我超喜欢的红色[求關注] ,,https://wx4.sinaimg.cn/large/6da18ef0gy1fnn84w28wgj20qo0zktje.jpg,,,2018-01-20,烬送的iPhone X,291,46,8,,
4198056822066598,FF8Ua8FCe,再好的时光，也会有结束的时候。请别忘记，这是最棒的一年。 ,,"https://wx1.sinaimg.cn/large/6da18ef0gy1fnmd0rgzm3j20zk0k0dgf.jpg,https://wx1.sinaimg.cn/large/6da18ef0gy1fnmd0r9svlj20zk0k0ae5.jpg,https://wx2.sinaimg.cn/large/6da18ef0gy1fnmd0ryzhbj20oy104wmf.jpg",,,2018-01-20,烬送的iPhone X,80,13,2,,
4196881355117210,FEEkfltdE,新发型[求關注]快夸！ ,,"https://wx4.sinaimg.cn/large/6da18ef0gy1fnim8w1tjdj20qo0zidmg.jpg,https://wx3.sinaimg.cn/large/6da18ef0gy1fnim8wetuoj20qo0zigs0.jpg",,,2018-01-16,烬送的iPhone X,458,108,14,,
4192899317133930,FCYJBtVRo,#萤火虫动漫游戏嘉年华##碧蓝航线# # 漫展返图##cosplay##萌系小姐姐##次元少女# 高雄 獒：@老鼠mayuyu爱宕 犬：@神奇与一 摄影 ：@坂道_BandAid 结婚照！！感谢坂道爸爸！庆祝我跟与一结婚一周年！抄送：@ICOS动漫服装设计 服装感谢！@萤火虫动漫游戏嘉年华 @碧蓝航线 @木shiyo @摄影9课官方微薄 @吐槽部部长_FrosV  @推软妹君 @飚车司机_迷小液 @Coupe___芙兰  @地摄萌,,"https://wx1.sinaimg.cn/large/6da18ef0gy1fn5wrfgg04j21jk0yq7va.jpg,https://wx4.sinaimg.cn/large/6da18ef0gy1fn5wrllm88j21jk2bau0x.jpg,https://wx3.sinaimg.cn/large/6da18ef0gy1fn5wrdlrh9j21jk2bc7um.jpg,https://wx4.sinaimg.cn/large/6da18ef0gy1fn5wr6h5l8j21jk2bbx3n.jpg,https://wx1.sinaimg.cn/large/6da18ef0gy1fn5wrs65gej21jk4tre83.jpg,https://wx1.sinaimg.cn/large/6da18ef0gy1fn5wrg5pnvj21jk2e4e68.jpg,https://wx1.sinaimg.cn/large/6da18ef0gy1fn5wredj89j21jk2f84oe.jpg,https://wx1.sinaimg.cn/large/6da18ef0gy1fn5wrf0nvwj21jk2bc4p5.jpg,https://wx2.sinaimg.cn/large/6da18ef0gy1fn5wroeipjj21jk2bcqv5.jpg",,,2018-01-05,360安全浏览器,1733,200,1756,"萤火虫动漫游戏嘉年华,碧蓝航线, 漫展返图,cosplay,萌系小姐姐,次元少女","老鼠mayuyu,神奇与一,坂道_BandAid,ICOS动漫服装设计,萤火虫动漫游戏嘉年华,碧蓝航线,木shiyo,摄影9课官方微薄,吐槽部部长_FrosV,推软妹君,飚车司机_迷小液,Coupe___芙兰,地摄萌"
4191169074058087,FCfITh1H1,再见，2017；你好，2018。 ,,https://wx1.sinaimg.cn/large/6da18ef0ly1fn0dl5fxnhj20qo0zigsu.jpg,,,2018-01-01,烬送的iPhone X,296,45,3,,
4190647495831969,FC29Dota1,补课吗？ ,,"https://wx4.sinaimg.cn/large/6da18ef0gy1fmyqbl1pgfj20qo0zkjzw.jpg,https://wx1.sinaimg.cn/large/6da18ef0gy1fmyqbkpj3nj20qo0zkk1g.jpg",,,2017-12-30,烬送的iPhone X,222,77,17,,
4187817091659475,FAQwt6XHJ,对不起我的小伙伴们我就说为什么没人评论我，原来我把评论设置成我关注的人才可以评论了！！！对不起[淚][淚][淚]我已经改回来了！！ ,,,,,2017-12-22,烬送的iPhone X,74,33,1,,
4176233002217176,FvZas9iMU,有没有什么好玩的电脑游戏介绍（不吃鸡，不玩手游） ,,,,,2017-11-20,烬送的iPhone X,72,223,0,,
4175512215012550,FvGpTl1ZA,终于[淚]终于拿到我的框框了 ,,https://wx2.sinaimg.cn/large/6da18ef0gy1flmg26qyfkj20qn140nav.jpg,,,2017-11-18,烬送的iPhone X,147,46,1,,
4174447361025109,FveIo4iG1,可以夸夸我吗？ ,,"https://wx1.sinaimg.cn/large/6da18ef0gy1flj1rdjxcqj20qo0qon3z.jpg,https://wx2.sinaimg.cn/large/6da18ef0gy1flj1rdvjrqj20qo0qon3c.jpg",,,2017-11-15,烬送的iPhone X,395,201,8,,
4173944313392993,Fv1D1eeFH,你们s7都打到了什么段位呀？[饞嘴] ,,,,,2017-11-14,烬送的iPhone X,34,114,0,,
4172696935966176,Fuvb7p24E,打游戏把双十一给忘了！！！全被抢光了我日 ,,https://wx2.sinaimg.cn/large/6da18ef0gy1fldgpx5xmmj20b40770t1.jpg,,,2017-11-11,烬的iPhone 7,963,48,5,,
4171533587313277,Fu0UKuGw5,峡谷之巅我来啦 ,,https://wx1.sinaimg.cn/large/6da18ef0gy1fl9r4daiwzj20ku112tcn.jpg,,,2017-11-07,烬的iPhone 7,114,37,1,,
4170430694283978,FtydThYsq,看到推掉水晶还没有什么特别大的感觉，但镜头一切到faker，心里一下子碎了几千片似的眼泪哇的一下全涌出来了，趴在桌子上痛哭。 ,,,,,2017-11-04,烬的iPhone 7,120,51,2,,
4170411027471508,FtxIavlGc,卧槽刚刚那个是！！源计划vn吗！！ ,,,,,2017-11-04,烬的iPhone 7,47,17,0,,
4168265750068955,FsDU30hWb,……………哎 ,,,,,2017-10-29,烬的iPhone 7,76,25,0,,
4167543432796450,Fsl71bJu2,英雄联盟广州站@幺鸡w 爱么么鸡一万年！！@Maki小姬 在我心中你就是璐璐本人@Cathy白叔 谢谢白叔帮我画的妆~@关关雎鸠kuaner 能跟我最爱的皮肤集邮是我做梦都想不到的哈哈哈哈最后一张是我在看skt比赛的时候外国摄影师拍的[愛你] ,,"https://wx2.sinaimg.cn/large/6da18ef0gy1fkx0owa3aoj20zk0qodpu.jpg,https://wx4.sinaimg.cn/large/6da18ef0gy1fkx0owmxdij20zk0qok1u.jpg,https://wx3.sinaimg.cn/large/6da18ef0gy1fkx0p8up78j20zk0qo11z.jpg,https://wx2.sinaimg.cn/large/6da18ef0gy1fkx0p97gjsj20qo0zkai3.jpg,https://wx3.sinaimg.cn/large/6da18ef0gy1fkx0p9vkywj20qo0zkqcp.jpg,https://wx3.sinaimg.cn/large/6da18ef0gy1fkx0p893d5j20qo1bfh1n.jpg,https://wx3.sinaimg.cn/large/6da18ef0gy1fkx0p9kiz2j20qo0zkjzf.jpg,https://wx1.sinaimg.cn/large/6da18ef0gy1fkx0ovx8qzj20qo0zkn54.jpg,https://wx1.sinaimg.cn/large/6da18ef0gy1fkx0pz1y7qj21bf0qoqe7.jpg",,,2017-10-27,烬的iPhone 7,137,33,26,,"幺鸡w,Maki小姬,Cathy白叔,关关雎鸠kuaner"
4165754162757600,FrAz6bznq,我想提前说一句：恭喜WE ,,,,,2017-10-22,烬的iPhone 7,119,14,1,,
4165027118284387,FrhEryL99,恭喜skt！！！！！！ ,,https://wx2.sinaimg.cn/large/6da18ef0gy1fkozv5qkc7j20rs0ku423.jpg,,,2017-10-20,烬的iPhone 7,92,17,1,,
4164998810871903,FrgUN3EOX,……………skt到底在干什么[攤手] ,,,,,2017-10-20,烬的iPhone 7,40,25,0,,
4164958000230255,FrfQY0XTN,faker！！！！！ 广州·广州体育馆 ,,"https://wx4.sinaimg.cn/large/6da18ef0gy1fkorxe9o99j20rs0kuae1.jpg,https://wx3.sinaimg.cn/large/6da18ef0gy1fkorxihn5ij20rs0kun0p.jpg",,广州·广州体育馆,2017-10-20,烬的iPhone 7,101,13,1,,
4164638528289908,Fr7xGyMAc,奶赢了啊啊啊啊啊啊！！！！！ 广州·广州体育馆 ,,"https://wx3.sinaimg.cn/large/6da18ef0gy1fknr8gu52jj20rs0kugp8.jpg,https://wx3.sinaimg.cn/large/6da18ef0gy1fknr8ml2a2j20rs0kun12.jpg",,广州·广州体育馆,2017-10-19,烬的iPhone 7,110,45,1,,
4164597696966596,Fr6tPteks,SSG加油！ ,,https://wx3.sinaimg.cn/large/6da18ef0gy1fknmjndpqbj20bn0bngmy.jpg,,,2017-10-19,烬的iPhone 7,137,26,1,,
4164571743269470,Fr5NYdIxo, ,,https://wx2.sinaimg.cn/large/6da18ef0gy1fknjclwzj5j20rs0ku78v.jpg,,,2017-10-19,烬的iPhone 7,113,25,1,,
4163974012001799,FqQfT8oL5,也许这就是奶妈的爱吧 ,,https://wx1.sinaimg.cn/large/6da18ef0gy1fklme3gy6tj20zk0qo10i.jpg,,,2017-10-17,烬的iPhone 7,88,29,0,,
4162057844476577,Fq2piiMyR,妈妈不给抽照片，等会重新发直接抽钱吧…快到6w5了算是给大家的福利吧 ,,,,,2017-10-12,烬的iPhone 7,89,19,2,,
4161811512673619,FpVZZbdwT,看了一下段位，把我吓死了 ,,https://wx2.sinaimg.cn/large/6da18ef0gy1fkeqj07hxrj20zk0qo48v.jpg,,,2017-10-11,烬的iPhone 7,58,22,0,,
4160570145796167,FppHMojQz,趁微博刷不出来赶快公布一下。这是我老公@烬 ,,https://wx4.sinaimg.cn/large/6da18ef0gy1fkarzqi3pwj20k80k8mzi.jpg,,,2017-10-08,烬的iPhone 7,144,47,1,,烬
4160289580668883,Fpipg2O0r,恭喜RNG！！！！ ,,https://wx2.sinaimg.cn/large/6da18ef0gy1fk9vr2jz5dj21120kuq73.jpg,,,2017-10-07,烬的iPhone 7,115,18,0,,
4159963427085797,Fp9VctJl3,恭喜SKT！EDG真的尽力了[淚] ,,https://wx3.sinaimg.cn/large/6da18ef0gy1fk8ua35whrj21120kudkg.jpg,,,2017-10-06,烬的iPhone 7,110,47,0,,
4159598396841756,Fp0qrsHQU,EDG可惜了 ,,,,,2017-10-05,烬的iPhone 7,67,56,0,,
4156664611139199,FnM6x4Mmb,好看吗？ ,,"https://wx1.sinaimg.cn/large/6da18ef0gy1fjybfrhfddj20qo0qon28.jpg,https://wx4.sinaimg.cn/large/6da18ef0gy1fjybfsfhjsj20qo0qogq5.jpg",,,2017-09-27,烬的iPhone 7,299,104,15,,
4155981330593848,Fnukt2uuc,其实好羡慕亚丝娜有桐人一直在她身边 ,,https://wx3.sinaimg.cn/large/6da18ef0gy1fjw4ym4sl0j20zk0qote1.jpg,,,2017-09-25,iPhone 7(玫瑰金),127,51,29,,
4151654338958569,FlFLrBAx3,肝完了钻石，下一步往大师打了希望在结算前能打回去 ,,https://wx3.sinaimg.cn/large/6da18ef0gy1fjic0bgqinj218g0p0dkl.jpg,,,2017-09-13,iPhone 7(玫瑰金),125,42,1,,
4146245058157055,Fjp2Nye1p,你所有的依仗，不过是因为我喜欢你。你知道你欺负我，我也不会把你怎么样，所以你才放心大胆地作，放心大胆地折磨我，可是，你要知道，在这个世界上，没有一成不变的人。喜欢，是可以变成不喜欢的。 ,,,,,2017-08-30,iPhone 7(Rose Gold),151,65,10,,
4145519246720096,Fj6a8sccE,喜欢你哦 ,,https://wx3.sinaimg.cn/large/6da18ef0gy1fiyretzngsj20ku0kugp9.jpg,,,2017-08-28,iPhone 7(Rose Gold),274,101,2,,
4145352720680983,Fj1Py2R9B,我听过最疯狂的故事就是认识一个月闪婚，三个月离婚。92天从陌生人到家人再到陌生人 ,,https://wx3.sinaimg.cn/large/6da18ef0gy1fiy89kth7aj201y028jr7.jpg,,,2017-08-27,iPhone 7(Rose Gold),95,43,4,,
4143324607211879,Fib4oug8D,你们是不是一起约好脱团来虐狗哦 ,,https://wx4.sinaimg.cn/large/6da18ef0gy1firrczk212j203g02kt8i.jpg,,,2017-08-21,iPhone 7(Rose Gold),78,54,2,,
4136070151308588,Ff8lF5uqg,. ,,https://wx4.sinaimg.cn/large/6da18ef0gy1fi4m7fqpr9j20zk0k0dhq.jpg,,,2017-08-01,iPhone 7(Rose Gold),98,19,1,,
4133722851143041,Fe9hH4Nm9, ,,https://wx2.sinaimg.cn/large/6da18ef0gy1fhx4mfnpeuj20qo1404bd.jpg,,,2017-07-26,iPhone 7(Rose Gold),319,54,25,,
4131237607991083,Fd6DexwQr,你们的好男友都是哪里找的哦 ,,https://wx3.sinaimg.cn/large/6da18ef0gy1fhp7641pgxj20ku112ta0.jpg,,,2017-07-19,iPhone 7(Rose Gold),103,101,3,,
4130811303470350,FcVxEeyNo, ,,"https://wx1.sinaimg.cn/large/6da18ef0gy1fhnu8daregj20qo0zkgwc.jpg,https://wx3.sinaimg.cn/large/6da18ef0gy1fhnu8j9t1zj20qo0zkdnr.jpg",,,2017-07-18,iPhone 7(Rose Gold),406,86,73,,
4125566565546737,FaJ6ongXv,慢慢的我也不会去强求一个人留在我身边了。不管之前多么多么要好，当你要走的那个时候，我也不会去挽留你了。缘分尽了。 ,,,,,2017-07-03,iPhone 7(Rose Gold),121,58,2,,
4125468636306781,FaGyrqsGh,我听见雨滴落在青青草地 ,,https://wx2.sinaimg.cn/large/6da18ef0gy1fh6smiyc8fj20zk0qoqat.jpg,,,2017-07-03,iPhone 7(Rose Gold),48,13,2,,
4125001206569744,Fauowrz5C,我也好想有一个可以撒娇的人啊 ,,https://wx4.sinaimg.cn/large/6da18ef0gy1fh5ay8ftl9j205g03yweg.jpg,,,2017-07-02,iPhone 7(Rose Gold),98,53,0,,
4124761108072021,Fao9gxRTT,请问小伙伴们有没有电竞鼠标推荐的？鼠标要小一点的之前买了几款鼠标发现自己根本握不住 ,,,,,2017-07-01,iPhone 7(Rose Gold),29,77,1,,
4123278236455420,F9Lzxr5lG,翻相册翻到的笑死我 ,,https://wx1.sinaimg.cn/large/6da18ef0gy1fgzt2l8j5vj20b107wjs7.jpg,,,2017-06-27,iPhone 7(Rose Gold),87,21,2,,
4122165311830375,F9iCv7Gab,猜角色 ,,https://wx1.sinaimg.cn/large/6da18ef0gy1fgw997v0agj20ku0rsdka.jpg,,,2017-06-24,iPhone 7(Rose Gold),124,36,5,,
4119716786503023,F8gVgrhJt,最后一次看总选举了。退坑了再见 ,,https://wx3.sinaimg.cn/large/6da18ef0gy1fgog0v77c6j20qo0qogr2.jpg,,,2017-06-17,iPhone 7(Rose Gold),61,20,4,,
4115577326733941,F6xeIsfNX,让我很开心的是我安娜的未开镜命中率从18%练到68%。感觉努力练枪挺有用的好开心！然而激素总是给错人让我好头疼，就比如昨天明明给源的激素不小心扎在天使姐姐的屁股上了身败名裂 ,,,,,2017-06-06,iPhone 7(Rose Gold),73,70,1,,
4114125221129234,F5VsC4JLs,妈妈看我打ow说“这个游戏的人物很生动，不像你之前玩的那个（lol），一个个像个动物似的”。还有我天使飞过去奶人结果一起死掉了。我妈妈就吐槽我说“你天使有翅膀飞过去就不可以飞回来吗？”“天使没队友是飞不起来的”“那她要那个翅膀干啥”“……………你想想鸡有翅膀也飞不起来啊”我的法鸡在远方？？？？？？,,https://wx3.sinaimg.cn/large/6da18ef0gy1fg6lhi9y25j20qo17ywl1.jpg,,,2017-06-02,iPhone 7(Rose Gold),99,43,5,,
4113978450066061,F5RDT0hbv,还有20天就是我生日了！大家想要什么礼物！ ,,,,,2017-06-01,iPhone 7(Rose Gold),108,89,1,,
4112686621009572,F5k2i4eDq,母亲说微博是公开的平台发别人不好的事非常不礼貌，虽然别人惹到你了但她也被骂了。所以让我把微博删掉了仔细想想发出来确实不太好 ,,,,,2017-05-29,iPhone 7(Rose Gold),144,51,1,,
4112465963486548,F5eioeD0E,最近忙到吐血，一边上班一边准备演讲和考试没自拍没腿可发 ,,,,,2017-05-28,iPhone 7(Rose Gold),66,26,0,,
4110504286645482,F4pgorSNc,难道coser用好看的小姐姐的照片做头像很奇怪吗？？每天都有人来问我头像是谁。更有奇葩说我冒充？可是我真的很喜欢yurisa这张图啊 ,,,,,2017-05-23,iPhone 7(Rose Gold),96,56,1,,
4109283665109471,F3TvElrcP,今天…嗯，有人喜欢我吗？没有我晚点再来问 ,,https://wx3.sinaimg.cn/large/6da18ef0gy1ffr5sar0uuj20qo0zkjyr.jpg,,,2017-05-20,iPhone 7(Rose Gold),484,358,12,,
4109105520346726,F3OSk1scm,其实…别人找我签名我好蛋疼因为我根本没有设计过自己的签名就标准的写个老鼠mayuyu……尴尬 ,,,,,2017-05-19,iPhone 7(Rose Gold),83,49,0,,
4109042396104346,F3NevpC1c,昨天借号玩的哈哈哈哈哈视频没录完一共4杀播的时候特别尴尬，记得我们这边的毛妹在角落丝血瑟瑟发抖，看着我biubiubiu完默默发了一句：l need healing 秒拍视频 ,,,,,2017-05-19,iPhone 7(Rose Gold),52,23,0,,
4107703607563247,F3epavJxR,请问各位有没有推荐的下假睫毛 ,,https://wx4.sinaimg.cn/large/6da18ef0gy1ffm4c99o4nj20hs0mlwfc.jpg,,,2017-05-15,iPhone 7(Rose Gold),49,37,1,,
4107290779450613,F33FjDExf,觉得我天天打广告的人请麻烦取关谢谢 ,,https://wx3.sinaimg.cn/large/6da18ef0gy1ffksxd90bpj20ku06uq3h.jpg,,,2017-05-14,iPhone 7(Rose Gold),60,26,0,,
4107287440781342,F33zW3hgi,有幸被入圈的女神回粉真的太！开！心！了！天啊我都不知道用什么语言表达我的心情！！让我下楼放个礼花煮球球 ,,https://wx4.sinaimg.cn/large/6da18ef0gy1ffksjd8uupj20ku1120y8.jpg,,,2017-05-14,iPhone 7(Rose Gold),95,12,0,,
4106965762484536,F2Vd6aqla,大蜜蜂dva手枪@次元创新 非常喜欢他家出的守望先锋系列移动充~期待天使的小手枪哦 ,,"https://wx3.sinaimg.cn/large/6da18ef0gy1ffjrm0a1a6j20qo0t37cm.jpg,https://wx3.sinaimg.cn/large/6da18ef0gy1ffjrm21o5pj20qo0qotfr.jpg,https://wx4.sinaimg.cn/large/6da18ef0gy1ffjrlyjj0bj20qo0qo45n.jpg,https://wx4.sinaimg.cn/large/6da18ef0gy1ffjrm3yq7pj20qo0qowjr.jpg",,,2017-05-13,iPhone 7(Rose Gold),154,19,9,,次元创新
4106534067942028,F2JYOxk5e,不行，我觉得这个表情显得我太有哲♂学（划掉）文化了！我要多发几个 ,,,,,2017-05-12,iPhone 7(Rose Gold),53,36,1,,
4105974489193980,F2vqgCzM0,因为平时我穿的太随便被爸爸骂了，甩了我张卡让我去买些“像样”的衣服。（才不去买呢）于是明天发5万粉抽奖微博。没想到一年有那么多人愿意关注我陪伴我喜欢我真的太感动了！！ ,,https://wx4.sinaimg.cn/large/6da18ef0gy1ffglpx5dudj20hs0hs414.jpg,,,2017-05-10,iPhone 7(Rose Gold),238,69,19,,
4104332804453160,F1OIoiGta,早给大家一个挑事的笑容，然后我继续睡觉了 ,,https://wx2.sinaimg.cn/large/6da18ef0gy1ffbd71sp9ij20qh0jbwig.jpg,,,2017-05-06,iPhone 7(Rose Gold),183,34,4,,
4103305800464636,F1nZW1WS8,我已经非常努力的在修师匠了到时麻烦大家多多支持！！ ,,https://wx2.sinaimg.cn/large/6da18ef0gy1ff8391thzwj20r50ku0xu.jpg,,,2017-05-03,iPhone 7(Rose Gold),203,35,5,,
4102672107452663,F17vQvgMf,单独发E子的集邮特别特别喜欢你~感谢E子给我签名拍立得~ ,,"https://wx2.sinaimg.cn/large/6da18ef0gy1ff62hbs1nyj20ku0rs43t.jpg,https://wx3.sinaimg.cn/large/6da18ef0gy1ff62hom3iaj20ku0kuwhu.jpg",,,2017-05-01,iPhone 7(Rose Gold),89,8,6,,
4102546870138389,F14fR0A05,今天第一次穿小裙子去萤火虫~请大佬们不要嫌弃~ ,,"https://wx1.sinaimg.cn/large/6da18ef0gy1ff5o3d3pnuj20ku0rs41p.jpg,https://wx1.sinaimg.cn/large/6da18ef0gy1ff5o3chonxj20ku0v9dk1.jpg",,,2017-05-01,iPhone 7(Rose Gold),371,79,28,,
4102337721259467,F0YOw5hDZ,@reireiko-灵灵子 ：爱是一道光！！！如此美妙。@SHIRO_白川 抄送@教主Shadow  ,,"https://wx1.sinaimg.cn/large/6da18ef0gy1ff4zyl2vdaj20rs0kujvl.jpg,https://wx4.sinaimg.cn/large/6da18ef0gy1ff502zhgtdj20l70kuads.jpg",,,2017-04-30,iPhone 7(Rose Gold),86,6,3,,"reireiko-灵灵子,SHIRO_白川,教主Shadow"
4102226412450810,F0VUZahzc,场内没信号今天萤火虫斯卡哈 ,,https://wx1.sinaimg.cn/large/6da18ef0gy1ff4nb28bg0j20ku0rsdk3.jpg,,,2017-04-30,iPhone 7(Rose Gold),189,22,2,,
4101843993429835,F0LYbeofV,yaca见今天抽烟的烟烟罗觉醒 ,,https://wx3.sinaimg.cn/large/6da18ef0gy1ff3fdnfighj20ku0rs442.jpg,,,2017-04-29,iPhone 7(Rose Gold),303,49,10,,
4101204714449184,F0vl5iFr2,厉害了 ,,https://wx3.sinaimg.cn/large/6da18ef0gy1ff1dyobugmj20qo0zk482.jpg,,,2017-04-27,iPhone 7(Rose Gold),70,41,3,,
4100017398395434,F00s3ze2e,帮我选一个 ,,"https://wx1.sinaimg.cn/large/6da18ef0gy1fexllh6eqxj20qo0qodmy.jpg,https://wx2.sinaimg.cn/large/6da18ef0gy1fexllhvf4cj20qo0qotfz.jpg",,,2017-04-24,iPhone 7(Rose Gold),63,72,7,,
4099496776354104,EFKmFqEZy,明天考试加油！！！希望能过 ,,https://wx3.sinaimg.cn/large/6da18ef0gy1fevxsxv5pmj20eg0egabj.jpg,,,2017-04-23,iPhone 7(Rose Gold),154,45,0,,
4098313689508657,EFfAsDTDr,@次元创新 洋葱小鱿移动充～超级超级可爱 ,,"https://wx3.sinaimg.cn/large/6da18ef0gy1feru2z3cooj20qo0zk7cy.jpg,https://wx3.sinaimg.cn/large/6da18ef0gy1feru2ye32lj20qo0zkthx.jpg,https://wx4.sinaimg.cn/large/6da18ef0gy1feru2zuzlgj20qo0zkk0d.jpg,https://wx1.sinaimg.cn/large/6da18ef0gy1feru35uxfaj20qo0zk11t.jpg,https://wx1.sinaimg.cn/large/6da18ef0gy1feru3171e2j20qo0zkqbj.jpg,https://wx4.sinaimg.cn/large/6da18ef0gy1ferw79qarmj20qo0zkn6s.jpg",,,2017-04-19,iPhone 7(Rose Gold),177,33,12,,次元创新
4097946162843021,EF61GbVBb,对不起，衣服太多bug，我还要去改。肩甲先带一个，另一个发现没有别针，我有空去买新的别针才能带真的很抱歉 ,,"https://wx1.sinaimg.cn/large/6da18ef0gy1feqzoklg20j20qo140n58.jpg,https://wx4.sinaimg.cn/large/6da18ef0gy1feqzojszaaj20qo140wmc.jpg",,,2017-04-18,iPhone 7(Rose Gold),169,62,22,,
4096881577598083,EEEkBvSBJ,#花鸟卷# #阴阳师手游# #次元少女# #cos正片# 花鸟卷：@老鼠mayuyu 网页链接摄影：@莫西sang 服装感谢：@美萌工坊 @美萌-E感应少年蓝雅薰 协力：@黑宝贝-恋萌会 还有母上感谢莫西在工作日抽出时间帮我完成这套花鸟卷并布景。感谢黑酱抽空过来帮忙，还有感谢母亲大人的帮助！第二套正片，希望大家喜欢,,"https://wx4.sinaimg.cn/large/6da18ef0gy1fenleav0f5j20rs12wdnj.jpg,https://wx2.sinaimg.cn/large/6da18ef0gy1fenle6v9d0j20rs1r0dxp.jpg,https://wx2.sinaimg.cn/large/6da18ef0gy1fenle9h2dsj20rs2s01kx.jpg,https://wx1.sinaimg.cn/large/6da18ef0gy1fenleszdjkj21kw2dc7qd.jpg,https://wx4.sinaimg.cn/large/6da18ef0gy1fenlezewlyj21kw11x46n.jpg,https://wx4.sinaimg.cn/large/6da18ef0gy1fenlf54l90j21kw0zojzg.jpg,https://wx2.sinaimg.cn/large/6da18ef0gy1fenlfbyc7xj21kw11xq9o.jpg,https://wx3.sinaimg.cn/large/6da18ef0gy1fenlfhmd0uj21kw11x125.jpg,https://wx4.sinaimg.cn/large/6da18ef0gy1fenlfo1nk0j21kw11x115.jpg",,,2017-04-15,360安全浏览器,231,41,187,"花鸟卷,阴阳师手游,次元少女,cos正片","老鼠mayuyu,莫西sang,美萌工坊,美萌-E感应少年蓝雅薰,黑宝贝-恋萌会"
4096539935169284,EEvrzlGLy,明天发花鸟卷，下周发刀妹夜刃高产的我 ,,https://wx1.sinaimg.cn/large/6da18ef0gy1femi7ofa50j20ku112tbi.jpg,,,2017-04-14,iPhone 7(Rose Gold),147,58,1,,
4095674351657394,EE8Vt6Xaa,抽了300多，就为了天使姐姐。到最后也抽不到，硬是把金币从700抽到了3400买了 ,,"https://wx4.sinaimg.cn/large/6da18ef0gy1fejqriju29j20w80qotha.jpg,https://wx1.sinaimg.cn/large/6da18ef0gy1fejqrjhzj7j20xp0qo48r.jpg,https://wx1.sinaimg.cn/large/6da18ef0gy1fejqrkcgmbj21bf0qods3.jpg,https://wx2.sinaimg.cn/large/6da18ef0gy1fejqrlpnitj21bf0qo14u.jpg,https://wx2.sinaimg.cn/large/6da18ef0gy1fejqrn50taj21bf0qonan.jpg,https://wx3.sinaimg.cn/large/6da18ef0gy1fejqrhwbfzj20zk0qon3p.jpg",,,2017-04-12,iPhone 7(Rose Gold),94,37,2,,
4093955639571324,EDqdlE9Wc,花鸟卷。我我我……我会努力修的 ,,https://wx1.sinaimg.cn/large/6da18ef0gy1fee9eyb26gj20zk0qojzn.jpg,,,2017-04-07,iPhone 7(Rose Gold),114,35,4,,
4091802883720993,ECwdafC01,#转发抽奖# #萌系小姐姐# #阴阳师手游# #cos正片#妖刀姬cn：@老鼠mayuyu   网页链接摄影：@教主Shadow 后期：老鼠，教主感谢：@神奇与一 @CcLost炎_阿烙 不用关注，转发即可。抽2个人zfb转100元。算是3万5千粉福利。这套图是在过年的时候拍的，那天很冷，拍摄也很仓促。感谢阿烙和教主从广州过来帮我拍摄。感谢我与一宝贝提供的衣服道具。这是2017年第一套正片，希望大家喜欢以及转发多多支持。谢谢。,,"https://wx1.sinaimg.cn/large/6da18ef0gy1fe7e4a29x1j20wab4g1l1.jpg,https://wx4.sinaimg.cn/large/6da18ef0gy1fe7e48lfmnj21kw2t5tve.jpg,https://wx2.sinaimg.cn/large/6da18ef0gy1fe7e4emznsj21kw0w07d3.jpg,https://wx2.sinaimg.cn/large/6da18ef0gy1fe7e4ihan8j21kw0vzqak.jpg,https://wx3.sinaimg.cn/large/6da18ef0gy1fe7e4rtiz3j21kw2dcndl.jpg,https://wx3.sinaimg.cn/large/6da18ef0gy1fe7e4l2lt0j21kw0w0q9m.jpg,https://wx3.sinaimg.cn/large/6da18ef0gy1fe7e50sftnj21kw0vzwoe.jpg,https://wx3.sinaimg.cn/large/6da18ef0gy1fe7e4ovmf5j21kw2dchdt.jpg,https://wx3.sinaimg.cn/large/6da18ef0gy1fe7e3z5v01j21kw0vz7df.jpg",,,2017-04-01,360安全浏览器,637,240,1116,"转发抽奖,萌系小姐姐,阴阳师手游,cos正片","老鼠mayuyu,教主Shadow,神奇与一,CcLost炎_阿烙"
4091518228398481,ECoO2zePn,我一点也不爱你们 ,,https://wx4.sinaimg.cn/large/6da18ef0gy1fe6hgicvdjj20qo0zk10b.jpg,,,2017-04-01,iPhone 7(Rose Gold),210,59,6,,
4090326300058461,EBTNA0fcV,非常可爱的移动充~Dva biubiubiu小手枪~@次元创新 ,,"https://wx2.sinaimg.cn/large/6da18ef0gy1fe2ojv6xj0j20rs0kun09.jpg,https://wx1.sinaimg.cn/large/6da18ef0gy1fe2oi3emnvj20qo0zkq9s.jpg,https://wx4.sinaimg.cn/large/6da18ef0gy1fe2oi44w06j20qo0zkwky.jpg,https://wx4.sinaimg.cn/large/6da18ef0gy1fe2oi5nznoj20zk0qogsy.jpg,https://wx2.sinaimg.cn/large/6da18ef0gy1fe2oid8f2ij20qo0qt449.jpg,https://wx4.sinaimg.cn/large/6da18ef0gy1fe2oi27zwkj20qo0zk10a.jpg",,,2017-03-28,iPhone 7(Rose Gold),111,36,11,,次元创新
4089341758520013,EBubBzKrz,我觉得关注或取关都是别人的自由，为什么那么纠结这些呢？想不明白 ,,,,,2017-03-26,iPhone 7(Rose Gold),77,58,0,,
4088558371479533,EB9O56cTr,按照约定，师匠 ,,https://wx2.sinaimg.cn/large/6da18ef0gy1fdx1jpazh1j20qo0zkjx0.jpg,,,2017-03-23,iPhone 7(Rose Gold),154,41,8,,
4088121278552992,EAYr5zT1u,大家有没有什么轻松的番推荐吗？比如小林家的女仆啊干物妹小埋啊。或者甜甜的糖番，比如元气少女缘结神啊这种我最近看柯南看太多了天天脑子里都是破案破案 ,,,,,2017-03-22,iPhone 7(Rose Gold),69,103,3,,
4087180726812789,EAzY4sAjH,谢谢hank姥爷给的图小绝真的太可爱了 ,,https://wx4.sinaimg.cn/large/6da18ef0gy1fdsnaoxw2cj20qo0zkjuz.jpg,,,2017-03-20,iPhone 7(Rose Gold),123,16,2,,
4086813884681425,EAqqojDQR,尼禄花嫁还是师匠选择困难症 ,,"https://wx4.sinaimg.cn/large/6da18ef0gy1fdrh79ju74j20e80k7q6z.jpg,https://wx1.sinaimg.cn/large/6da18ef0gy1fdrh7an2m1j20hs0utwj7.jpg",,,2017-03-19,iPhone 7(Rose Gold),72,89,10,,
4085537625316149,EzTdUmiYl,以前遇到智障想着算了不跟他们计较，现在就想着，你丫再说一句看我不怼死你 ,,,,,2017-03-15,iPhone 7(Rose Gold),66,37,0,,
4084984975036733,EzEQxl8hD,妖刀姬。努力修片 ,,https://wx1.sinaimg.cn/large/6da18ef0gy1fdln4t976sj20zk0qoaiz.jpg,,,2017-03-13,iPhone 7(Rose Gold),108,59,1,,
4084109967849721,Ezi5ewW4p,我的粉丝都是假的都没人理我orz！为什么呢为什么呢为什么呢你们不喜欢我发的东西吗？或者你们喜欢看什么类型的？ ,,,,,2017-03-11,iPhone 7(Rose Gold),151,281,0,,
4082976323717581,EyOAMfB6Z,祝我最美最美的妈妈妇女节日快乐~（可怜的我今天原本打请麻麻吃饭结果发烧躺床了 ,,"https://wx4.sinaimg.cn/large/6da18ef0gy1fdf8c5fw3hj20qo0zkwm7.jpg,https://wx4.sinaimg.cn/large/6da18ef0gy1fdf8d58g95j20qo0zkgro.jpg,https://wx1.sinaimg.cn/large/6da18ef0gy1fdf8d40ck1j20ku0rsgqe.jpg,https://wx4.sinaimg.cn/large/6da18ef0gy1fdf8e6muj2j20dc06st92.jpg",,,2017-03-08,iPhone 7(Rose Gold),125,23,0,,
4082359269946004,EyyxwFJpq,以后所有水印打照片中间，真受不了那些盗图 ,,,,,2017-03-06,iPhone 7(Rose Gold),57,18,0,,
4081905068898798,EymIWBkZ0,咦，在b站随便翻看up主的解说视频的时候突然：卧槽那个眼瞎被打死的天使不是我吗！！！我日？？？？（谁解说的就不说了免得大家看到如此菜的我 ,,https://wx2.sinaimg.cn/large/6da18ef0gy1fdbtdu4t6qj20k00zkmzg.jpg,,,2017-03-05,iPhone 7(Rose Gold),86,21,0,,
4081687971899293,Eyh4N7Y5L,我压力也很大啊，就不要每天催我去考这个证那个证好吗，很烦的啊 ,,,,,2017-03-04,iPhone 7(Rose Gold),57,25,0,,
4080544339528591,ExNkdDYOX,也许今天会发这套“露背毛衣” 想了一个新穿法 ,,https://wx3.sinaimg.cn/large/6da18ef0gy1fd7h4zzcz5j20qo0qotcx.jpg,,,2017-03-01,iPhone 6s(Rose Gold),97,24,1,,
4078688104665148,Ex12ijzCk,我尽力在今晚修出来 ,,https://wx1.sinaimg.cn/large/6da18ef0gy1fd1jyokeicj20ku0rstce.jpg,,,2017-02-24,iPhone 6s(Rose Gold),163,68,9,,
4078468377755250,EwVjTwxuG,嗯 ,,https://wx4.sinaimg.cn/large/6da18ef0gy1fd0uq8ghjmj20hs08gq3z.jpg,,,2017-02-24,iPhone 6s(Rose Gold),50,17,6,,
4077746592018788,EwCxJ8tb6,每个人都有自己强势弱势的地方，ow我说了我玩的不好而且根本就没玩几次，你还偏偏抓着500强ky地说我：“哎哟为什么同样是妹子差距那么大~”拉黑不送 ,,,,,2017-02-22,iPhone 6s(Rose Gold),47,60,0,,
4073052104700056,EuEpYjIHm,你们会不会有：“你先喜欢上一个人，突然有一天你喜欢的人也喜欢了你，然后你会感到很害怕想逃走”的经历 ,,,,,2017-02-09,iPhone 6s(Rose Gold),57,74,0,,
4073046383796449,EuEgKfVD3,有的时候我真的很希望自己变的很好看很好看 ,,,,,2017-02-09,iPhone 6s(Rose Gold),50,43,0,,
4071161929334142,EtRfiDaeG,妖刀姬作为一个非酋求了50天碎片凑出来个妖刀姬实在不易啊新年祝大家欧气满满~p3:来单挑呀~（挑衅）不知为啥拍出来好奇怪 ,,"https://wx2.sinaimg.cn/large/6da18ef0gy1fcdjdve7bsj20qo0zkq9w.jpg,https://wx4.sinaimg.cn/large/6da18ef0gy1fcdjdw0w61j20qo0zkgsm.jpg,https://wx3.sinaimg.cn/large/6da18ef0gy1fcdjdx69boj20qo0zkjyv.jpg,https://wx1.sinaimg.cn/large/6da18ef0gy1fcdjduy3tuj20qo140tjt.jpg,https://wx3.sinaimg.cn/large/6da18ef0gy1fcdjekc8rzj20qo0qpthz.jpg,https://wx4.sinaimg.cn/large/6da18ef0gy1fcdjdwvfcmj20qo0zkn4a.jpg",,,2017-02-03,iPhone 6s(Rose Gold),178,53,28,,
4070648572246050,EtDTj9qiC,要跟我单挑吗？ ,,https://wx3.sinaimg.cn/large/6da18ef0gy1fcbwmvx0f1j20qo0qon19.jpg,,,2017-02-02,iPhone 6s(Rose Gold),137,39,4,,
4070011520192050,EtnjO0NXA,炼乳宝宝的腿太长了我的手机放不下！！！不行我要换plus！！ ,,https://wx3.sinaimg.cn/large/6da18ef0gy1fc9vgkw4f2j20ku112428.jpg,,,2017-01-31,iPhone 6s(Rose Gold),119,30,1,,
4066446768674090,ErSAcAowG,崔缇崔缇~ ,,"https://wx3.sinaimg.cn/large/6da18ef0gy1fbyi2exgfpj20ku0rstdy.jpg,https://wx1.sinaimg.cn/large/6da18ef0gy1fbyi2ee3mcj203c039q2s.jpg",,,2017-01-21,iPhone 6s(Rose Gold),72,16,2,,
4065228322852128,ErmSYbXY4,见识一下非洲酋长的力量，感谢寮里各位大佬给我的碎片（不舍得反魂） ,,"https://wx3.sinaimg.cn/large/6da18ef0gy1fbum2osmqqj21120kujxl.jpg,https://ww2.sinaimg.cn/large/6da18ef0gw1fbum2o3oemj21120kugug.jpg",,,2017-01-18,iPhone 6s(Rose Gold),40,27,3,,
4064965151136991,Erg2v4LMz,在家天天撸鸟 ,,"https://ww3.sinaimg.cn/large/6da18ef0gw1fbtrwjj0s3j20qo0zkn4f.jpg,https://ww1.sinaimg.cn/large/6da18ef0gw1fbtrwlcp79j20qo0zkwme.jpg",,,2017-01-17,iPhone 6s(Rose Gold),56,52,3,,
4063122006125513,Equ5GpHwB,从今天开始养鹦鹉~取什么名字好呢（蓝色虎皮鹦鹉 ,,,,,2017-01-12,iPhone 6s(Rose Gold),23,35,7,,
4062448162700082,EqcyQbkpI,今天是眼镜女学（xue）生（zha） ,,https://ww1.sinaimg.cn/large/6da18ef0gw1fblqtm1zkjj20qo0zkaig.jpg,,,2017-01-10,iPhone 6s(Rose Gold),98,25,6,,
4061355965907799,EpK9eoMT5,试下衣服，结果被妈妈说不检点 ,,"https://ww3.sinaimg.cn/large/6da18ef0gw1fbi9dvor7mj20qo140gws.jpg,https://ww4.sinaimg.cn/large/6da18ef0gw1fbi9dv075gj20qo140qdj.jpg",,,2017-01-07,iPhone 6s(Rose Gold),163,89,11,,
4059972662550164,Epaa6aHpG,不解释了，我要去打中单了 ,,"https://ww4.sinaimg.cn/large/6da18ef0gw1fbduivqob5j20k00zk43h.jpg,https://ww1.sinaimg.cn/large/6da18ef0gw1fbduiv72mmj20k00zkjvo.jpg",,,2017-01-03,iPhone 6s(Rose Gold),54,32,3,,
4058426156368819,EovVJqIOT,刷了一上午感觉哎算了绝望的时候鸟鸟给了我希望QAQ！我家鸟鸟是爱我的！！！ ,,"https://ww3.sinaimg.cn/large/6da18ef0gw1fb8wwb2fy1j21120kudkn.jpg,https://ww2.sinaimg.cn/large/6da18ef0gw1fb8wwco6xkj21120kugqi.jpg,https://ww2.sinaimg.cn/large/6da18ef0gw1fb8wwdv9mkj21120kujyt.jpg",,,2016-12-30,iPhone 6s(Rose Gold),42,37,5,,
4057295002944557,Eo2vicm0R,分享图片 ,,https://ww4.sinaimg.cn/large/6da18ef0gw1fb5b087365j20qo140gto.jpg,,,2016-12-27,iPhone 6s(Rose Gold),177,64,10,,
4051170736105584,EltbrpCla,大龙宝宝 ,,"https://ww1.sinaimg.cn/large/6da18ef0gw1falrmwnebcj20qo0zkdmh.jpg,https://ww3.sinaimg.cn/large/6da18ef0gw1falrmx8122j20qo0zk451.jpg",,,2016-12-10,iPhone 6s(Rose Gold),51,24,3,,
4049319009543293,EkH0ME2E5,我的！6星！鸟！！！（我的肝好痛 ,,"https://ww2.sinaimg.cn/large/6da18ef0gw1fafuyxqpd1j21120kuwlm.jpg,https://ww4.sinaimg.cn/large/6da18ef0gw1fafuyu39emj21120ku0wp.jpg",,,2016-12-05,iPhone 6s(Rose Gold),44,26,1,,
4048690215613532,EkqEBnykQ,今天的装扮，实力装嫩一波两场电影连看：你的名字和佩小姐的奇幻城堡两场都是有关时间的看的我脑子爆炸，《你的名字》跟我想象中不太一样我以为是简简单单的相遇的故事，没想到那么热血hhh《佩小姐的奇特城堡》在很久之前就看过预告，可能因为《你的名字》太吸引我注意了所以都忽略了这部的上映时间 ,,"https://ww2.sinaimg.cn/large/6da18ef0gw1fadul5we43j20ku0rswj0.jpg,https://ww1.sinaimg.cn/large/6da18ef0gw1fadulfwwenj20ku0swjvt.jpg,https://ww2.sinaimg.cn/large/6da18ef0gw1fadulde69ij20ku0swaep.jpg,https://ww3.sinaimg.cn/large/6da18ef0gw1fadulecjuzj20rs0kujtl.jpg,https://ww4.sinaimg.cn/large/6da18ef0gw1fadumdygqmj20ku0swtd8.jpg,https://ww4.sinaimg.cn/large/6da18ef0gw1fadulpngmuj208u08u0sq.jpg",,,2016-12-03,iPhone 6s(Rose Gold),146,70,19,,
4048350658090783,EkhOVxWMv,青蛙(˶‾᷄ ⁻̫ ‾᷅˵) ,,https://ww2.sinaimg.cn/large/6da18ef0gw1facrr83gc0j20qo0zk474.jpg,,,2016-12-02,iPhone 6s(Rose Gold),77,23,1,,
4047653836546459,EjZH1rt23,恋爱只是一个不断验证自己不喜欢对方的过程仿佛说的也没错 ,,,,,2016-11-30,iPhone 6s(Rose Gold),47,31,4,,
4047104038773354,EjLofAOlI,我评论自己喜欢的up主，他回复一个字我都开心(´；ω；｀) ,,,,,2016-11-29,iPhone 6s(Rose Gold),47,35,0,,
4046552324946959,Ejx2okKVF,最近为什么总是吃不饱 ,,,,,2016-11-27,iPhone 6s(Rose Gold),19,24,2,,
4044558658855732,EiHaNB9Mo,估计不会抽到妖刀姬了跟着我的鸟鸟望望欧洲大陆就好 ,,https://ww3.sinaimg.cn/large/6da18ef0gw1fa0o8q60zwj20yy0kun1u.jpg,,,2016-11-22,iPhone 6s(Rose Gold),38,25,3,,
4043881639778891,EipyPF1W3,如果能找到像巴卫一样的老公，那我是上辈子积了多少的福报啊也只是想想而已~ ,,,,,2016-11-20,iPhone 6s(Rose Gold),41,34,3,,
4042027719111502,EhDkDCejI,第一次做同声传译…紧张到手和声音都在抖…… ,,,,,2016-11-15,iPhone 6s(Rose Gold),49,34,5,,
4041465623296189,EhoI2dPul,有没有推荐的头戴式耳机？不要魔音不要魔音不要魔音我已经被这个耳机给气死了 ,,,,,2016-11-13,iPhone 6s(Rose Gold),27,63,4,,
4040739144750707,Eh5OijVSj,飒 ,,"https://ww2.sinaimg.cn/large/6da18ef0gw1f9ohl95tk8j20qo0zkqc5.jpg,https://ww2.sinaimg.cn/large/6da18ef0gw1f9ohl83t1pj20qo0zkthd.jpg",,,2016-11-11,iPhone 6s(Rose Gold),50,17,6,,
4040321354170613,EgUWrhuXX,今天的装扮+BOZ 中国限定第一次拍repo，参照了糖糖的repo来拍的。重头发新染了个颜色，挺喜欢的嘿嘿 ,,"https://ww2.sinaimg.cn/large/6da18ef0gw1f9n5e6akelj20qo0zk7bp.jpg,https://ww2.sinaimg.cn/large/6da18ef0gw1f9n5e5dr7kj20qo140473.jpg,https://ww2.sinaimg.cn/large/6da18ef0gw1f9n5e72r2kj20qo1407cg.jpg,https://ww4.sinaimg.cn/large/6da18ef0gw1f9n5hidfo5j20qo140tif.jpg,https://ww2.sinaimg.cn/large/6da18ef0gw1f9n5e7jfe9j20qo10zn4s.jpg,https://ww1.sinaimg.cn/large/6da18ef0gw1f9n5j9agiij20qo0zkqbx.jpg",,,2016-11-10,iPhone 6s(Rose Gold),192,76,28,,
4039902306302008,EgK2yqrri,染哪个颜色？？ ,,"https://ww4.sinaimg.cn/large/6da18ef0gw1f9lth6zmjij20dw0dwaba.jpg,https://ww2.sinaimg.cn/large/6da18ef0gw1f9lth703dij20dw0ig40y.jpg",,,2016-11-09,iPhone 6s(Rose Gold),45,52,5,,
4039314361520571,EguKg6nzl,反正我这个人人品差，爱bb，如果有人来惹我我就不客气地怼死他，得理不饶人的丑八怪 ,,https://ww3.sinaimg.cn/large/6da18ef0gw1f9jxu16t8gj203c03m747.jpg,,,2016-11-07,iPhone 6s(Rose Gold),53,53,4,,
4038779961012618,EggQk4fqy,真美 ,,"https://ww2.sinaimg.cn/large/6da18ef0gw1f9i8kvx9kij21bf0qojvk.jpg,https://ww3.sinaimg.cn/large/6da18ef0gw1f9i8kwgkeoj21bf0qoad8.jpg,https://ww2.sinaimg.cn/large/6da18ef0gw1f9i8kvc59ej21bf0qojvn.jpg",,,2016-11-06,iPhone 6s(Rose Gold),53,9,9,,
4037156005419852,EfAB2mJWY,哭哭就好了没什么大不了的 ,,,,,2016-11-02,iPhone 6s(Rose Gold),33,34,3,,
4035863132268359,Ef2XL9w6r,yaca见 ,,"https://ww1.sinaimg.cn/large/6da18ef0gw1f98xl3qqkrj20ku0rsafj.jpg,https://ww3.sinaimg.cn/large/6da18ef0gw1f98xl44alij20ku0rsn2k.jpg",,,2016-10-29,iPhone 6s(Rose Gold),157,29,9,,
4033445207812441,Ee23SwMn7,牧濑红莉栖 试装 原版的鞋子还在路上所以用黑高跟先代替。下周漫展见 ,,"https://ww2.sinaimg.cn/large/6da18ef0gw1f917ufple0j20qo15vwo3.jpg,https://ww4.sinaimg.cn/large/6da18ef0gw1f917ugj76jj20qo0zkn5p.jpg,https://ww2.sinaimg.cn/large/6da18ef0gw1f917uhygrxj20qo0zkdqq.jpg,https://ww4.sinaimg.cn/large/6da18ef0gw1f917uihrfkj20qo0zk47i.jpg,https://ww1.sinaimg.cn/large/6da18ef0gw1f917uj6gh3j20qo0zk12e.jpg,https://ww2.sinaimg.cn/large/6da18ef0gw1f917uer13sj20qo0zkgvk.jpg",,,2016-10-22,iPhone 6s(Rose Gold),306,85,153,,
4030626477350517,EcQJxuQcJ,yurisa 长沙 ,,"https://ww1.sinaimg.cn/large/6da18ef0gw1f8s85umwtzj211w1kw7ff.jpg,https://ww1.sinaimg.cn/large/6da18ef0gw1f8s85sx96yj211w1kwdnv.jpg,https://ww4.sinaimg.cn/large/6da18ef0gw1f8s85v8lznj211w1kwwlo.jpg",,,2016-10-14,360安全浏览器,134,9,14,,
4030540077932174,EcOubxhwi,@银树君川 谢谢君川中奖的本子已经收到了每天用小号默默视奸你的微博这次终于鼓起勇气用大号at你~真的很感谢你！我非常非常喜欢你的双飞组 ,,"https://ww4.sinaimg.cn/large/6da18ef0gw1f8ry7npbn1j20qo0zkgvv.jpg,https://ww2.sinaimg.cn/large/6da18ef0gw1f8ry7ofxjej20qo0zkgvm.jpg",,,2016-10-14,iPhone 6s(Rose Gold),20,5,2,,银树君川
4029741474661551,EctI7jyGj,买了11个箱子第一个就开出天使姐姐了 ,,https://ww4.sinaimg.cn/large/6da18ef0gw1f8peihqvnuj20zk0qojz6.jpg,,,2016-10-12,iPhone 6s(Rose Gold),58,32,1,,
4024632103012827,EakNccDLZ,昨天被代购店家气个半死等了两个月的YSL店家没有下单。我发了个朋友圈吐槽，妈妈看到了立刻就发信息过来说不要生气等放假咱们去香港买，不要他们店的。我瞬间心里一暖。再看看之前的聊天记录，一直都是妈妈给我发语音，我却回复的很少，感觉心里酸酸的以后一定第一个回复妈妈的微信 ,,,,,2016-09-28,iPhone 6s(Rose Gold),40,27,0,,
4024366730036223,EadTb09qf,我的脾气确实很！不！好！从以前开始就非常暴躁易怒。不喜欢请取关谢谢。惹到我生气到了我无法忍受的时候直接拉黑。我很珍惜粉丝，但是有些粉丝，让我忍无可忍 ,,,,,2016-09-27,iPhone 6s(Rose Gold),44,61,1,,
4023301145698914,E9MaunUxY,新的ssr ,,https://ww4.sinaimg.cn/large/6da18ef0gw1f84uv513ncj21120kugoy.jpg,,,2016-09-24,iPhone 6s(Rose Gold),44,19,1,,
4022847905133170,E9Anslxn4,面对即将到25级的两位女儿妈妈表示：我练不出那么多狗粮给你们啊求你们升级升慢点 ,,https://ww3.sinaimg.cn/large/6da18ef0gw1f83erzkm2lj21120kun5c.jpg,,,2016-09-23,iPhone 6s(Rose Gold),25,42,0,,
4021445552600277,E8ZTBaUrX,这个游戏真的，肝到肺爆炸 ,,https://ww4.sinaimg.cn/large/6da18ef0gw1f7yxqxgixpj21120kutgm.jpg,,,2016-09-19,iPhone 6s(Rose Gold),30,58,0,,
4021374458667178,E8Y2VAmJc,我希望对方爱我，不是因为我是他的谁，所以他才不得不这样，而是因为，我是谁，我对他来说是谁，所以他爱我。 ,,,,,2016-09-19,iPhone 6s(Rose Gold),45,37,1,,
4020009951164699,E8oy74SZt,要小恶魔的亲亲吗？晚上到家给大家发视频节日祝福 ,,"https://ww2.sinaimg.cn/large/6da18ef0gw1f7ucthbj0wj20ku1120xx.jpg,https://ww4.sinaimg.cn/large/6da18ef0gw1f7ucuwr57qj20ku112gql.jpg",,,2016-09-15,iPhone 6s(Rose Gold),106,40,3,,
4019613887466672,E8efivkqc,突然想让ip6s“不小心”升级到ios10然后“伤心地”让妈妈看到再“无意“的说自己手机坏了最后“无奈“地买个ip7 ,,,,,2016-09-14,iPhone 6s(Rose Gold),49,37,4,,
4019557029162355,E8cLACrxV,曾经给别人做过一个类似的小屋，那人收到后说了声谢谢之后来了一句：像你这种做道具的人做这种东西应该很容易才对。简直心寒…他根本不知道我花了多少时间做这个…所以不懂得珍惜的人，根本不配我去用心 ,,https://ww2.sinaimg.cn/large/6da18ef0gw1f7swq6qw7sj20ku0kun0x.jpg,,,2016-09-14,iPhone 6s(Rose Gold),58,79,6,,
4019185639922857,E836zFDo5,为什么我就是抽不到萤草！！啊啊啊啊啊啊抓狂 ,,https://ww1.sinaimg.cn/large/6da18ef0gw1f7rq70oyspj20hw0gp75c.jpg,,,2016-09-13,iPhone 6s(Rose Gold),39,51,0,,
4017862064585459,E7uFMjeT1,我是不是被新浪屏蔽了发了10分钟阅读量20… ,,https://ww2.sinaimg.cn/large/6da18ef0gw1f7ni6ga6d9j20ao07vq32.jpg,,,2016-09-09,iPhone 6s(Rose Gold),80,55,1,,
4016794819478845,E72UpDLSB,我会更加努力，直到你看到我为止。希望有更多人喜欢我、也希望我喜欢的人能喜欢我。 ,,,,,2016-09-06,iPhone 6s(Rose Gold),640,134,5,,
4014849166215781,E6eigq50x,南小鸟 ,,"https://ww1.sinaimg.cn/large/6da18ef0gw1f7dtlyz16oj20ku0v9wjv.jpg,https://ww2.sinaimg.cn/large/6da18ef0gw1f7dtlxcw3lj20ku0v9jw1.jpg",,,2016-09-01,iPhone 6s(Rose Gold),307,92,222,,
4013927598015522,E5QjRxDcC,我是女的再说我是男的我一巴掌打的你变性 ,,,,,2016-08-29,iPhone 6s(Rose Gold),57,50,4,,
4010156871961982,E4ge38eoS,说真的，作为lol和ow玩家的我，特别喜欢看到把两个游戏画在一起的同人作品，感觉玩的两部游戏有了交集，像一家人一样（用一下愚子姐姐的图）感觉我特别小孩子似的 ,,https://ww1.sinaimg.cn/large/6da18ef0gw1f6yx5so7edj20ho0sg7aa.jpg,,,2016-08-19,iPhone 6s(Rose Gold),59,43,18,,
4009264417072550,E3T0BtFTo,买还是不买！！！！啊啊啊啊啊我要疯了这几天就在纠结这个啊啊啊 ,,"https://ww4.sinaimg.cn/large/6da18ef0gw1f6w2r6lowrj20c80c8mya.jpg,https://ww2.sinaimg.cn/large/6da18ef0gw1f6w2r7rfmhj20c80g9t9f.jpg",,,2016-08-17,iPhone 6s,61,97,6,,
4009101795382995,E3OMjmAmv,好想玩猎空啊…可是发现自己确实是有3D晕眩，玩一盘头晕的不行只能玩玩奶划划水，即使这样玩两三盘还是头疼不已…刚开始玩都不会这样的哎…也不知道能不能治得好 ,,"https://ww2.sinaimg.cn/large/6da18ef0gw1f6vjzst4rvj2076066aa1.jpg,https://ww1.sinaimg.cn/large/6da18ef0gw1f6vjzszlraj2076066dfs.jpg",,,2016-08-16,iPhone 6s,52,69,1,,
4007359321787674,E35rS7v3s,@与一老板 今天跟与一刷爱宠大机密，给单身狗造成10000点真是伤害（里面狗狗都成双成对了啊！！）然后用12块钱夹了两个兔子。每次出来都能聊很多很开心爱你 ,,"https://ww4.sinaimg.cn/large/6da18ef0gw1f6pzv9ubovj20ku0rsq78.jpg,https://ww3.sinaimg.cn/large/6da18ef0gw1f6pzvaedykj20ku0rsn0s.jpg,https://ww2.sinaimg.cn/large/6da18ef0gw1f6pzvb5mn9j20ku0rs78u.jpg,https://ww2.sinaimg.cn/large/6da18ef0gw1f6pzvc7yt7j20ku0rsn1r.jpg,https://ww3.sinaimg.cn/large/6da18ef0gw1f6pzv9jcwej20ku0rsjw2.jpg,https://ww3.sinaimg.cn/large/6da18ef0gw1f6pzvcwqisj20k00zk3zv.jpg",,,2016-08-11,iPhone 6s,39,9,4,,与一老板
4006611121258157,E2LZ65hiR,小鸡（鸟）的抱枕链接在抽奖微博下面。不用关注的只需要转发就可以了。只是想送大家七夕礼物希望所有人都能幸福罢了 ,,,,,2016-08-09,iPhone 6s,55,31,5,,
4006560672020367,E2KFJ8tAz,今晚抽一人送这只鸡，没人转就自留 ,,https://ww1.sinaimg.cn/large/6da18ef0gw1f6ng8fmq5hj20ku0ku40l.jpg,,,2016-08-09,iPhone 6s,476,659,7035,,
4006332451257839,E2EJD5hdJ,有个玩游戏特别厉害的朋友是什么感觉？就像我让他杀谁，谁就别想活着回去的感觉 ,,https://ww2.sinaimg.cn/large/6da18ef0gw1f6mpywdk2bj204v056t8p.jpg,,,2016-08-08,iPhone 6s,53,19,4,,
4005536347225232,E2k1AujC0,今天漫展听到某对话搞的我好尴尬A：快看猎空啊！B：哎出猎空的都是男的别想了…。 我竟无言以对 ,,https://ww2.sinaimg.cn/large/6da18ef0gw1f6k61wriu4j203l039744.jpg,,,2016-08-06,iPhone 6s,51,38,2,,
4004422944244623,E1R3MhOdF,为什么我长得不妖艳呢，这样就可以涂很深颜色的口红了种草了好多唇釉然而涂在我唇上就是一股啊~死老太婆的感觉 ,,https://ww4.sinaimg.cn/large/6da18ef0jw1f6gmpckah0j209507wq30.jpg,,,2016-08-03,iPhone 6s,37,47,1,,
4001923096670914,E0O1LrZpo,“啊~第一次发视频~(T ^ T)希望大家不要嫌弃”我的秒拍作品，一起来看~夕.准的秒拍视频（使用#秒拍#录制） ,,,,,2016-07-27,秒拍客户端,116,97,17,秒拍,
4001839185645370,E0LQqnGCm,法鸡的天降正义声优是不是更新了，感觉跟之前喊的不太一样，更有霸气了。（昨天开心的死在法鸡天降正义下的我[给劲] ,,https://ww2.sinaimg.cn/large/6da18ef0gw1f68dzqn18zj208606lq2w.jpg,,,2016-07-27,iPhone 6s(Rose Gold),33,33,0,,
4001123049996267,E0tdmFWu7,教主-爆炸教主-元宝教主-拉姆教主-玩球教主-宠物教主（折寿啦我家教主狗走丢啦感谢出镜@教主Shadow 灵魂画手@斌斌hideto 刚才新浪抽了重发 ,,"https://ww4.sinaimg.cn/large/6da18ef0gw1f663p757qqj20qo0qon06.jpg,https://ww4.sinaimg.cn/large/6da18ef0gw1f663p6xfgtj20m80m840h.jpg,https://ww2.sinaimg.cn/large/6da18ef0gw1f663p7kzk9j20m80m8go6.jpg,https://ww2.sinaimg.cn/large/6da18ef0gw1f663p8n6xuj20m80m8taj.jpg,https://ww4.sinaimg.cn/large/6da18ef0gw1f663p9fmg7j20m80m841c.jpg,https://ww4.sinaimg.cn/large/6da18ef0gw1f663pa64gbj20d1094wf7.jpg",,,2016-07-25,iPhone 6s(Rose Gold),43,6,53,,"教主Shadow,斌斌hideto"
4000812759524793,E0l8TDXPH,求一些比较轻松或者小伙伴们觉得好看的番呀…像月刊少女；摇曳百合；贫乏神来了；或者少女番！！我最近好喜欢元气少女缘结神啊拜托各位小伙伴了 ,,https://ww2.sinaimg.cn/large/6da18ef0gw1f653y8j9jaj20lc0sgn1e.jpg,,,2016-07-24,iPhone 6s(Rose Gold),28,76,0,,
3999656503646998,DFOwifiKy,我还是第一次见别人说我出天使因为长得不够老所以出的不还原的 ,,,,,2016-07-21,iPhone 6s(Rose Gold),44,88,3,,
3999114850793871,DFAqF3kwn,又开始陷入“啊我出什么啊有什么角色可以出啊6号就是yaca了啊怎么办啊来不来得及啊不管怎样先决定出什么啊“的死循环中……于是……求各位推荐角色 ,,https://ww3.sinaimg.cn/large/6da18ef0gw1f5zp2kcsdjj203a031mx0.jpg,,,2016-07-20,iPhone 6s(Rose Gold),51,115,0,,
3998215177648205,DFd1zw5E9,真的不知道有些人到底在酸什么，非要拿一张我表情崩的照片来私信我说你ps真过度。我都不知道回复你什么比较好。昨天真的非常的累今天我直接病倒了。表情有时候崩坏了真的不好意思咯 ,,,,,2016-07-17,iPhone 6s(Rose Gold),85,57,1,,
3994320556711986,DDzHVsa5Q,确实，原是我不配 ,,,,,2016-07-06,iPhone 6s(Rose Gold),16,47,0,,
3994032126840923,DDscIsHDt,你为何会有自信对方不会出轨？ ,,,,,2016-07-06,iPhone 6s(Rose Gold),17,70,1,,
3992582805995962,DCQv6p9P4,我想问一下，如果你们有男（女）票，会把你们的合照或者他（她）单独的照片设为桌面吗？电脑或手机。你们会把你的朋友（异性）的照片设为桌面吗？（在脱团之后） ,,,,,2016-07-02,360安全浏览器,18,112,0,,
3990996599902412,DCbeHFy4k,昨天的兼职，跟桃昔姐姐和炼乳宝宝一起虽然很辛苦但很开心。因为天气太炎热所以没有带假发。女警是我最强的adc，狙击也是我第一个女警的皮肤。我希望以后能给大家带来女警的铁血狙击手的cos。 ,,"https://ww4.sinaimg.cn/large/6da18ef0gw1f59snfxagvj20ku0rstde.jpg,https://ww4.sinaimg.cn/large/6da18ef0gw1f59snempwij20ku0wvwhw.jpg",,,2016-06-27,iPhone 6s(Rose Gold),75,31,6,,
3987063206727460,DAwUwse7q,明天发片子抽奖啦~部分小伙伴已经知道福利是什么了，请保密哦很久没有发过片子了还要请大家多多支持~发张照片刷一下存在感 ,,https://ww1.sinaimg.cn/large/6da18ef0gw1f4x8zumxv2j20qo0zk79r.jpg,,,2016-06-16,iPhone 6s(Rose Gold),62,48,10,,
3985609108719843,DzV5cAAqD,我要出猎空！好喜欢好喜欢好喜欢 ,,,,,2016-06-12,iPhone 6s(Rose Gold),24,33,2,,
3984802631987642,DzA6r8l4K,@炼乳Mayoi 傻炼奶生日快乐！！第一张是我们第一次在漫展见到！第二、三张是我们第一次出去玩！！第二排是我们第一次一起穿深圳校服出去（虽然我是装嫩的）第三排是我们第一次一起组cp拍cos！！！啊~好想跟你一起出去旅游拍嗯更多美美的照片啊～～～我爱你怕吗！！（反正我不怕～～ ,,"https://ww3.sinaimg.cn/large/6da18ef0gw1f4q19ocysqj20go0m80ua.jpg,https://ww4.sinaimg.cn/large/6da18ef0gw1f4q18ocll6j20go0m8tb5.jpg,https://ww2.sinaimg.cn/large/6da18ef0gw1f4q1an3xybj20go0m8mzf.jpg,https://ww1.sinaimg.cn/large/6da18ef0gw1f4q18j9nx8j20mi0u0wkn.jpg,https://ww3.sinaimg.cn/large/6da18ef0gw1f4q18krowhj20mi0u0ah4.jpg,https://ww1.sinaimg.cn/large/6da18ef0gw1f4q18mc373j20mi0u0tfp.jpg,https://ww1.sinaimg.cn/large/6da18ef0gw1f4q18fsvl3j20gv0u0dks.jpg,https://ww2.sinaimg.cn/large/6da18ef0gw1f4q18hf1y9j20gv0u0ag8.jpg,https://ww3.sinaimg.cn/large/6da18ef0gw1f4q18erx07j20gv0u0wje.jpg",,,2016-06-10,iPhone 6s(Rose Gold),35,9,3,,炼乳Mayoi
3977005407872716,Dwjggx23i,520 ,,https://ww1.sinaimg.cn/large/6da18ef0gw1f415vfo56ij20hs0hsmyc.jpg,,,2016-05-20,iPhone 6s,38,25,11,,
3974306319079152,Dvb2TC5TW,大家不要被我的场照骗了，我在日常生活中并不是个很帅气的人最近被宿友+同学传染了感冒有点不舒服。昼夜温差大，大家请注意身体～ ,,"https://ww2.sinaimg.cn/large/6da18ef0gw1f3sjisqzpoj20qo0zkn66.jpg,https://ww4.sinaimg.cn/large/6da18ef0gw1f3sjivm2dnj20qo0zktfy.jpg",,,2016-05-12,iPhone 6s,43,58,0,,
3970855236967750,DtJgDteD4,珊儿女神生日快乐！！@珊了个儿 认识你那么多年了真的好不容易以后请多出片子让我膜拜！！ ,,https://ww1.sinaimg.cn/large/6da18ef0gw1f3hjimd2wuj20ku0rsq7w.jpg,,,2016-05-03,iPhone 6s,28,8,2,,珊了个儿
3963085968592946,Dqt9yA3pU,你怎么对付父母天天跟你说结婚的事？ ,,,,,2016-04-11,iPhone 6s(Rose Gold),9,52,0,,
3939934450541354,DgKSp2gPw,新年快乐[抢到啦]最近被教主宝宝喂的肥的要死不开森 ,,"https://ww2.sinaimg.cn/large/6da18ef0gw1f0qw7yk9r9j20ku0rsq72.jpg,https://ww3.sinaimg.cn/large/6da18ef0gw1f0qwb0y08cj20ku0rs449.jpg",,,2016-02-07,iPhone 6s(Rose Gold),36,27,3,,
3937086144524567,DfyMmiZ2T,分享一只刘海长了的🐭 ,,"https://ww3.sinaimg.cn/large/6da18ef0gw1f0ht6qkdv2j20ku0rsq7y.jpg,https://ww3.sinaimg.cn/large/6da18ef0gw1f0ht61866aj20ku0rs79q.jpg",,,2016-01-30,iPhone 6s(Rose Gold),64,20,0,,
3935263837217454,DeNn9uhAy,今天弄了一个空气刘海，自我感觉挺良好 ,,https://ww1.sinaimg.cn/large/6da18ef0gw1f0bzwvwu1zj20qo0zkn3s.jpg,,,2016-01-25,iPhone 6s(Rose Gold),31,15,0,,
3933070165753444,DdSiYo8Ju,这是我的新电脑 ,,https://ww2.sinaimg.cn/large/6da18ef0gw1f04zz62zcdj20qo0zk479.jpg,,,2016-01-19,iPhone 6s(Rose Gold),24,20,0,,
3923864348049338,Da0OSxM02,圣诞快乐 ,,"https://ww3.sinaimg.cn/large/6da18ef0gw1ezbmokbv94j20va0kuaec.jpg,https://ww1.sinaimg.cn/large/6da18ef0gw1ezbmoplgprj20va0ku0ww.jpg,https://ww2.sinaimg.cn/large/6da18ef0gw1ezbmotitogj20va0ku0wz.jpg,https://ww2.sinaimg.cn/large/6da18ef0gw1ezbmowhgohj20va0ku42j.jpg,https://ww1.sinaimg.cn/large/6da18ef0gw1ezbmoz77o7j20ku0van10.jpg,https://ww4.sinaimg.cn/large/6da18ef0gw1ezbmp2hcdcj20ku0vatcu.jpg,https://ww3.sinaimg.cn/large/6da18ef0gw1ezbmp6w7rwj20va0kutcf.jpg,https://ww3.sinaimg.cn/large/6da18ef0gw1ezbmpfz0p5j20ku0v942t.jpg",,,2015-12-25,iPhone 6s(Rose Gold),39,18,4,,
3923864084025188,Da0OsgT8o,圣诞快乐（1）yurisa ,,"https://ww4.sinaimg.cn/large/6da18ef0gw1ezbmnqgw2kj20ku0vawin.jpg,https://ww1.sinaimg.cn/large/6da18ef0gw1ezbmnvev8zj20ku0vaae4.jpg,https://ww3.sinaimg.cn/large/6da18ef0gw1ezbmny3xezj20ku0van2p.jpg,https://ww1.sinaimg.cn/large/6da18ef0gw1ezbmo06b9vj20ku0vaado.jpg,https://ww3.sinaimg.cn/large/6da18ef0gw1ezbmnjig37j20va0kugpy.jpg,https://ww1.sinaimg.cn/large/6da18ef0gw1ezbmo2k28qj20va0kugpp.jpg,https://ww1.sinaimg.cn/large/6da18ef0gw1ezbmo673f5j20va0kutei.jpg,https://ww3.sinaimg.cn/large/6da18ef0gw1ezbmo8awcvj20va0kuq5w.jpg,https://ww3.sinaimg.cn/large/6da18ef0gw1ezbmocfw0oj20va0kuq5z.jpg",,,2015-12-25,iPhone 6s(Rose Gold),27,3,12,,
3922935641537457,D9CEY6rXH,冬至快乐 ,,https://ww3.sinaimg.cn/large/6da18ef0gw1ez8o1oct86j20qo0zk0yp.jpg,,,2015-12-22,iPhone 6s(Rose Gold),72,17,1,,
3920622859699351,D8EuFEHf9, ,,"https://ww2.sinaimg.cn/large/6da18ef0gw1ez1ae8urx8j20hs0bugnk.jpg,https://ww1.sinaimg.cn/large/6da18ef0gw1ez1ae9bozpj20hs0bujt5.jpg,https://ww4.sinaimg.cn/large/6da18ef0gw1ez1ae9w138j20hs0budhl.jpg,https://ww2.sinaimg.cn/large/6da18ef0gw1ez1aearq1kj20hs0buabz.jpg,https://ww3.sinaimg.cn/large/6da18ef0gw1ez1aebhpgij20bu0hs761.jpg,https://ww1.sinaimg.cn/large/6da18ef0gw1ez1aec6d87j20hs0buq4i.jpg,https://ww1.sinaimg.cn/large/6da18ef0gw1ez1ae8701jj20qo0hrwgz.jpg,https://ww1.sinaimg.cn/large/6da18ef0gw1ez1aed1lw0j20qo0hrjv2.jpg,https://ww3.sinaimg.cn/large/6da18ef0gw1ez1aedyewij20qo0hrjus.jpg",,,2015-12-16,iPhone 6s(Rose Gold),48,9,6,,
3916284385338591,D6PD8moOj,人与人之间的关系真脆弱，因为一句话就破碎了 ,,,,,2015-12-04,iPhone 6s(Rose Gold),26,17,0,,
3910148487320564,D4g0wuIpC,请问S6赛季奖励怎样领取呀？是要去某个网站领呢还是系统自动发放 ,,,,,2015-11-17,iPhone 6s(Rose Gold),6,13,1,,
3909461347279119,D3Y8euxD9,分享图片 ,,https://ww1.sinaimg.cn/large/6da18ef0gw1ey1ojibrpnj20qo0zkjwr.jpg,,,2015-11-15,iPhone 6s(Rose Gold),73,21,0,,
3906650509378570,D2N0CDlNg,有个问题我一直不明白，下路炸了之后怪中单打不出优势？这是中单问题？？？我是觉得莫名其妙，但难道真的是我中单的问题？ ,,,,,2015-11-07,iPhone 6s,6,33,0,,
3903790136180052,D1AB7pVIg,万圣节快乐（yurisa） ,,https://ww2.sinaimg.cn/large/6da18ef0gw1exjl7jl336j20hp0h140y.jpg,,,2015-10-30,iPhone 6s(Rose Gold),32,9,1,,
3903378545806427,D1pTgomw3,分享图片 ,,"https://ww2.sinaimg.cn/large/6da18ef0gw1exi9xtn6enj20kk0uuq6l.jpg,https://ww3.sinaimg.cn/large/6da18ef0gw1exi9xtrt6ij20uu0kkgnp.jpg,https://ww4.sinaimg.cn/large/6da18ef0gw1exi9xu0t6xj20uu0uun0v.jpg,https://ww2.sinaimg.cn/large/6da18ef0gw1exi9xu85tkj20kk0uuaed.jpg",,,2015-10-29,360安全浏览器,56,14,8,,
3902836477938569,D1bMXxjbr,男人就像妖姬，看到喜欢的女人用q标记你 用w戏弄你 用e拴住你 最后故技重演再追别人。所以我喜欢用妖姬打卡特，不管卡特e走多少次，我都能追上她 ,,,,,2015-10-28,iPhone 6s(Rose Gold),16,23,0,,
3902574828483519,D14YWzAWX,你们喜欢我么喜欢我么喜欢我么 ,,,,,2015-10-27,iPhone 6s,76,49,0,,
3900810833975007,D0l5NgG51,照你们说的～我买了粉色 ,,"https://ww1.sinaimg.cn/large/6da18ef0gw1exa31i12f1j20dc0hsq3y.jpg,https://ww3.sinaimg.cn/large/6da18ef0gw1exa31gm3gpj20dc0hsgmw.jpg",,,2015-10-22,iPhone 5s,27,24,0,,
3898290615558706,CFeZfnk4y,最近在练蜘蛛打野，各位小伙伴有没有什么好的建议或者技巧能告诉我一下呢？谢谢 ,,,,,2015-10-15,iPhone 5s,9,28,1,,
3896751285266970,CEAWsm6b8,天气突然变冷了大家要注意保暖呀～（今天妈妈说发现我穿校服真的好好看我好开心难得妈妈夸我一句 ,,https://ww2.sinaimg.cn/large/6da18ef0gw1ewx4seyy47j20qo0zk0xp.jpg,,,2015-10-11,iPhone 5s,45,26,4,,
3896718477408748,CEA5xv5lW,bilibili老年队 跟kb老菊hank乌鸦一起开黑的视频~（不要问我为什么adc那么水我也不知道= =超欢乐哔哩哔哩老年队！正义必胜！ ,,,,,2015-10-11,360安全浏览器,8,1,3,,
3896011644531782,CEhHuj0Vg,“跟人相处越久，我就越喜欢食物。食物真好啊，保质期都是有定数的。说是半年就是半年，绝对不会两个月就过期。人就不一样了，昨天还说着天长地久，因为一句话，一个表情，今天说不喜欢就不喜欢了，甚至不愿意好好说一句再见。” ,,,,,2015-10-09,iPhone 5s,29,17,0,,
3895644584039019,CE89sgWJt,谢谢各位小伙伴的支持，今天正好5000粉了，各位想要什么礼物呢？讨论一下我抽三名小伙伴呀～（配图提高存在感 ,,https://ww3.sinaimg.cn/large/6da18ef0gw1ewtlpggsj3j20qo0zk446.jpg,,,2015-10-08,iPhone 5s,72,61,16,,
3891614928335573,CCrk0yYsJ,中秋快乐～毕业多年的我来装嫩了 ,,"https://ww1.sinaimg.cn/large/6da18ef0gw1ewgqw5u0dmj20xc18gk26.jpg,https://ww2.sinaimg.cn/large/6da18ef0gw1ewgqw74losj20xc18gn7t.jpg",,,2015-09-27,iPhone客户端,62,33,2,,
3887319998520810,CADAHzKEq,好久不见 ,,https://ww2.sinaimg.cn/large/6da18ef0gw1ew31mxbyp1j20hs0hsacj.jpg,,,2015-09-15,iPhone客户端,50,13,0,,
3881990774476542,CyoXbiMyi,刚才在厨房吃桃子，妈妈开门进来一脸惊讶的看着我，我手里抓着半个没吃的桃子嘴巴塞的满是桃子睁大着眼睛看着她。。妈妈默默吐出一句：看着你这样子，我还以为我亏待你似的。。躲在厨房偷吃东西跟只老鼠一样（亲妈 ,,,,,2015-08-31,iPhone客户端,26,16,0,,
3863224863037901,CqwLAcKip,“你躺好就行，我来carry！”说这句话的时候我简直觉得自己帅爆了 ,,,,,2015-07-11,iPhone 5s,20,20,0,,
3854341637548740,CmNFNvFLS,我眼睛近视，今天点菜的时候点了一坨红红的东西，回宿舍一看是西红柿炒白色的东东。。我骂了一句：这鸟蛋玩意鸟都不想鸟吧。然后默默的吃了一口说了句：好吃。。。 ,,,,,2015-06-16,iPhone 5s,16,10,1,,
3852636895856406,Cm5kdozwa,你喜欢兔子吗？我喜欢yurisa这只小兔子 ,,"https://ww4.sinaimg.cn/large/6da18ef0gw1et0eb87b9mj20gp0p0dgq.jpg,https://ww2.sinaimg.cn/large/6da18ef0gw1et0eb8bqbmj20gp0p0q3u.jpg,https://ww4.sinaimg.cn/large/6da18ef0gw1et0eb8gkdyj20gp0p0wfb.jpg,https://ww2.sinaimg.cn/large/6da18ef0gw1et0eb8l3ldj20g80p0aan.jpg,https://ww3.sinaimg.cn/large/6da18ef0gw1et0eb93t6ej20go0p0q3r.jpg,https://ww2.sinaimg.cn/large/6da18ef0gw1et0eb96pfsj20gp0p0754.jpg",,,2015-06-11,360安全浏览器,42,11,5,,
3851152179484933,ClsHvDNsN,最近快到学期末，作业比较多，加上不知道何缘故胃病犯了，总是腹泻，也没时间去医院看，今天站着都想反胃了，实在没办法明天请假去医院看病。。 ,,https://ww3.sinaimg.cn/large/6da18ef0jw1esvnttz8ilj20c80c8jrz.jpg,,,2015-06-07,iPhone 5s,6,19,0,,
3841622565956348,ChsNaoZw8,想换个电脑，因为这个笔记本比较旧了，打算换个新的笔记本，但想想9月份换宿舍，下桌上床那种，你们说是直接买个台式电脑比较好呢还是笔记本？ ,,,,,2015-05-12,iPhone客户端,8,31,0,,
3828330174514094,CbSZPiWjY,在地铁里坐着，可能是看手机的时候笑了一下，坐在我对面的男生叫了我一声说：“小姐你能让我拍一张吗？”我一愣，他补充说：“你笑起来让人感觉好舒服哈哈。。”我瞬间心里开花了今天运气真好～ ,,,,,2015-04-05,iPhone 5s,34,21,1,,
3816831041471223,C73QQ6aJp,无意中打开了一个漂流瓶，里面写着：求求你回来好不好。我回复：哄哄她就会回来了，不要难过。结果他回复：“谢谢你，她去世了，永远回不来了。”我瞬间。。 ,,,,,2015-03-05,iPhone客户端,16,14,0,,
3813723183530477,C5L0aeOrb,我陷入了不想开学但又不知道放假做什么的死循环中。。。 ,,,,,2015-02-24,iPhone客户端,12,26,0,,
3808683886476118,C3DUgraJw,我已经死了 ,,https://ww3.sinaimg.cn/large/6da18ef0jw1ep46ervkb9j218g18g4c8.jpg,,,2015-02-10,iPhone客户端,14,10,3,,
3808014982951099,C3mvocnIn,分享图片 ,,https://ww3.sinaimg.cn/large/6da18ef0jw1ep21l8dwwpj218g18gk26.jpg,,,2015-02-08,iPhone客户端,41,18,0,,
3802500069172345,C132mCu93,我会好好存钱整容的看着yurisa我心脏不保了 ,,"https://ww3.sinaimg.cn/large/6da18ef0jw1eokg6sw4vyj20dw099wf2.jpg,https://ww1.sinaimg.cn/large/6da18ef0jw1eokg6uigwuj20hs0qomyb.jpg,https://ww1.sinaimg.cn/large/6da18ef0jw1eokg6vq6nmj20iz0sg402.jpg,https://ww3.sinaimg.cn/large/6da18ef0jw1eokg727aqjj21300q0jxk.jpg,https://ww3.sinaimg.cn/large/6da18ef0jw1eokg74irgoj20i10qojuu.jpg,https://ww2.sinaimg.cn/large/6da18ef0jw1eokg6s9v2jj20hs0bu40s.jpg",,,2015-01-24,iPhone客户端,22,31,0,,
3796889743102725,BEExMd19X,我跟亚索相亲相爱[呵呵] ,,https://ww2.sinaimg.cn/large/6da18ef0jw1eo2jv7shpkj20i10cbwf2.jpg,,,2015-01-08,iPhone客户端,13,7,0,,
3796360593722347,BEqMjfClR,练不好妖姬我就不去漫展了 ,,,,,2015-01-07,iPhone客户端,18,20,0,,
3794113726476705,BDukkraSZ,新年快乐爱你们哦 ,,,,,2015-01-01,iPhone客户端,11,16,0,,
3793816370980483,BDmAJ474f,2014最后一天差点在宿舍楼下晕过去，导致行李什么都没收拾被同学背上车回家了，无法跟老婆一起跨年好痛苦 ,,,,,2014-12-31,iPhone客户端,8,26,0,,
3792387593922082,BCLqfgsjo,去广州参加婚礼今天好多人结婚呐 ,,"https://ww3.sinaimg.cn/large/6da18ef0jw1eno6svbeguj20dc0hsgnf.jpg,https://ww4.sinaimg.cn/large/6da18ef0jw1eno6t5opl4j20dc0hstap.jpg",,,2014-12-27,iPhone客户端,90,38,2,,
3787041458601743,BAwlrA5HN,染了个栗色头发嘿嘿 ,,https://ww3.sinaimg.cn/large/6da18ef0jw1en74po2j6gj20dc0hsabb.jpg,,,2014-12-12,iPhone 5s,28,23,0,,
3780776879869749,BxTnhFpzv,妖姬的E是会在超过一段距离之后破掉么？ ,,,,,2014-11-25,iPhone 5s,7,24,0,,
3776236646282392,BvZgkqmkU,打匹配的时候，对面亚索发育不错，中路剑圣送了几个人头过去，他就公开挑衅说：卡特啊来中路给我单挑啊~结果团战的时候第一个送他回泉水重生一下子给你打崩叫你得意[呵呵] ,,,,,2014-11-13,iPhone 5s,10,22,1,,
3767049833043252,Bs8gTcLGI,喔喔喔喔喔喔翻盘！！！！！开心啊啊啊啊！ ,,,,,2014-10-18,iPhone客户端,11,4,0,,
3764634286932093,Br7qQt5lX,我觉得我都没人愿意拍了 ,,,,,2014-10-11,iPhone客户端,9,43,0,,
3747209877109321,BjO8XtPst,敖厂长我好喜欢你QAQ！！！！ ,,,,,2014-08-24,搜狗高速浏览器,19,5,1,,
3745280262482570,BiZWGapPs,人啊，不要等失去了之后才想起别人的好啊[呵呵] ,,,,,2014-08-19,iPhone客户端,24,11,1,,
3743543640148646,BigLG0CFw,#Ani-Joy安捷动漫游戏展# saber 赏蓝百合：@老鼠mayuyu 摄影：@Cos摄影师-教授叫兽 刚才字打错了所以重发 ,,"https://ww4.sinaimg.cn/large/6da18ef0gw1ejcd4y1cllj20mc0xgdki.jpg,https://ww3.sinaimg.cn/large/6da18ef0gw1ejcd505zvmj20xg0mcdk5.jpg,https://ww2.sinaimg.cn/large/6da18ef0gw1ejcd532kwpj20mc0xgag5.jpg,https://ww4.sinaimg.cn/large/6da18ef0gw1ejcd55hsh9j20mc0xgwkl.jpg,https://ww4.sinaimg.cn/large/6da18ef0gw1ejcd5fjsnej20mc0xgadt.jpg",,,2014-08-14,搜狗高速浏览器,280,79,591,Ani-Joy安捷动漫游戏展,"老鼠mayuyu,Cos摄影师-教授叫兽"
3742466349739014,BhOK6ERyS,谢谢大家的关注[呵呵] ,,https://ww1.sinaimg.cn/large/6da18ef0gw1ej8xfk6e7xj21e50xhtfd.jpg,,,2014-08-11,搜狗高速浏览器,33,12,3,,
3741393048130569,BhmOYy78d,总想着恩打完这盘去收拾东西，恩打完这盘，恩再打完这盘....恩恩额.....拖延症晚期的我... ,,,,,2014-08-08,搜狗高速浏览器,9,14,1,,
3738547146127806,BgaMOpI7A,连跪心情不爽= = ,,,,,2014-08-01,搜狗高速浏览器,2,5,1,,
3734141399428164,BekaLDyHa,@大佬型LJ LJ因为争做“礼貌摄影师”而被警察拘捕[呵呵] ,,https://ww2.sinaimg.cn/large/6da18ef0jw1eiidbrjhv1j20no0vkgtk.jpg,,,2014-07-19,iPhone客户端,11,5,20,,大佬型LJ
3726925590001788,Bbisn00sQ,刚才那局真的赢得超叼…我什么都没做就双杀之外，都以为要输了，结果最终居然是小兵把对方的水晶塔打爆…对面所有玩家都在我方水晶塔这里…实力真的是…上去就被秒杀…今天rp真好〜女警也到手了艾玛好开心！！ ,,,,,2014-06-29,iPhone客户端,4,12,0,,
3719236620975508,B84qO45M0,考完啦啊啊啊爽！！XD ,,,,,2014-06-08,iPhone客户端,17,30,0,,
3718918948979587,B7WaqBG03,太不容易了！！！捂脸哭出来 ,,,,,2014-06-07,iPhone客户端,9,5,0,,
3718530924926543,B7M4AkFCn,明天高考，能求小伙伴们的祝福吗？谢谢QUQ ,,,,,2014-06-06,搜狗高速浏览器,18,76,2,,
3718126468678760,B7ByeApK0,要毕业了[呵呵] ,,,,,2014-06-05,iPhone客户端,11,4,0,,
3717757352956855,B7rWTcpdd,心酸 ,,,,,2014-06-04,iPhone客户端,1,10,0,,
3717064169020457,B79UQBQDf,随便反个图hhh挤死我了一群痴汉围着萌妹子，岛风愿意给俺眼神简直神开心！ ,,"https://ww2.sinaimg.cn/large/6da18ef0jw1egzvwp9af9j20xc18gk2y.jpg,https://ww3.sinaimg.cn/large/6da18ef0jw1egzvwruwdkj20xc18g124.jpg",,,2014-06-02,iPhone客户端,59,63,315,,
3714411263193854,B62TYdoRM,这一年年过的真快，记得高一去井冈山的时候还在跟同学议论我们高三了会怎样，毕业会不会哭成傻逼神马的，结果转眼就只剩12天了。。。 ,,,,,2014-05-26,iPhone客户端,5,19,1,,
3709916521011443,B49Yo4f7B,人越长越大，心却越来越小了 ,,,,,2014-05-13,iPhone客户端,8,2,0,,
3702587855948894,B15jXoXzU,如果我不手贱把第四道选择改掉的话我数学选择就全对了！！！！啊啊啊啊气死我了难得辉煌一次就被我这么给毁了 ,,,,,2014-04-23,iPhone客户端,5,10,0,,
3701924442431086,B0O3Wacr4,我只是两边都不想失去罢了，要不我为何那么累呢[呵呵] ,,,,,2014-04-21,iPhone客户端,3,3,0,,
3700366765864104,B09xyoBwk,哎哎，我觉得吧，人家摄影好心帮你后期，你还嫌弃别人慢，人家又不是一天天没事干帮你p图，慢一点出质量嘛[挖鼻屎]要不你自己动手咯，摄影又不欠你什么啧 ,,,,,2014-04-17,iPhone客户端,9,11,7,,
3699366806300986,AFGZ2qraO,是我管的太多了 ,,,,,2014-04-14,iPhone客户端,1,14,0,,
3699187470789271,AFCjN3jkb,这是要友尽的节奏啊哈哈哈 ,,,,,2014-04-14,iPhone客户端,4,2,1,,
3697760421481727,AF1c66dsP,下午自己到人民医院去高考体检，6：40前回到学校，体检完可以跑去东门吃喝！明天下午又放假~可以回家睡大觉生活如此美好！ ,,,,,2014-04-10,iPhone客户端,8,5,2,,
3697577948211411,AEWrMysa7,今天我可爱的同桌吃肉丸，她不知道肉丸里面有汤…吧唧一口喷了我一脸[挖鼻屎]汤汁飞到我眼镜上没有来得及洗，现在眼镜一股肉汁味啊啊啊啊！！怎样才能把味道去掉哇QAQ在线等 ,,,,,2014-04-09,iPhone客户端,1,32,0,,
3696387797403539,AErubv3ZV,哭死了.... ,,"https://ww3.sinaimg.cn/large/6da18ef0gw1ef5xddh2elj20rs0jzq80.jpg,https://ww2.sinaimg.cn/large/6da18ef0gw1ef5xdmicf1j20rs0jw0td.jpg,https://ww2.sinaimg.cn/large/6da18ef0gw1ef5xdgialtj20m80wjgta.jpg,https://ww2.sinaimg.cn/large/6da18ef0gw1ef5xdji3y9j20m80wi45e.jpg,https://ww2.sinaimg.cn/large/6da18ef0gw1ef5xdlxdo3j20m80wi0yc.jpg",,,2014-04-06,搜狗高速浏览器,4,4,1,,
3694335398601104,ADA5RA5xu,愚人节快乐！机智过人的我今天绝对不会上当受骗的！！！表来骗俺！ ,,,,,2014-04-01,iPhone客户端,4,12,0,,
3693965637556741,ADqttvHQV,祈祷明天红色暴雨信号 ,,,,,2014-03-30,iPhone客户端,8,9,0,,
3691623328517817,ACrxyzJS9,班里突然飞出一只蜜蜂在我旁边转啊转啊，我像杀猪一样的大叫然后扑到了我同桌身上然后。。我们两个扑街了[挖鼻屎] ,,,,,2014-03-24,iPhone客户端,7,13,0,,
3686990161786695,AAv0I7uNF,我们班主任发飙吓的我从座位上飞起来了 ,,,,,2014-03-11,iPhone客户端,4,12,0,,
3685616321365612,AzVgQ5Jg0,女生节快乐QUQ明天口语听说希望能顺利 ,,https://ww2.sinaimg.cn/large/6da18ef0gw1ee7kagd1y8j206o08wmxl.jpg,,,2014-03-07,微博 weibo.com,7,17,0,,
3680684210161812,AxQXP0G5S,@鬼龙院MIKI莹 miki生日快乐哟哦哦哦！！超级开心能认识你最近没出怎么出片子所以把俺的小花花送给你有空出来战吃喝！ ,,https://ww2.sinaimg.cn/large/6da18ef0jw1edrtunrne9j20hs0hsjth.jpg,,,2014-02-22,iPhone客户端,8,1,1,,鬼龙院MIKI莹
3676049148157747,AvUnUyecz,妈蛋我就是讨厌下雨！！中午回家考虑是去肯德基吃还是吉野家吃的时候路太滑摔个狗吃屎，爬起来去吉野家打包，追公车的时候筷子和配菜从袋子里掉出来了我没注意，到家本想好好看动漫吃饭结果发现我爸在家！！！！啊啊啊啊我还是滚去睡觉吧 ,,,,,2014-02-09,iPhone客户端,6,7,0,,
3674016482594389,Av3vqaSUZ,hhhhhh今天简直开心到飞 ,,,,,2014-02-03,微博 weibo.com,4,5,0,,
3673610013324876,AuSVPdWX2,终于明白我最近为什么心烦意乱了…妈蛋我把文综8套试卷和语文5篇人物鉴赏给忘记了啊啊啊啊啊啊啊啊！！！ ,,,,,2014-02-02,iPhone客户端,12,6,0,,
3672592265122129,AussiluuZ,新年快乐~ ,,,,,2014-01-31,微博 weibo.com,12,6,0,,
3671763995237083,Au6UnlYp5,2500我是不是该放点啥片子… ,,,,,2014-01-28,iPhone客户端,12,22,0,,
3671685079362953,Au4R5DhJn,刚才去楼下拿东西，穿着人字拖啪啪的进电梯…遇到了楼下一个认识的小女孩，她很吃惊的看着我，之后贴着她妈的耳朵很！大！声！的说：＂姐姐素颜好难看啊[挖鼻屎][挖鼻屎]＂妈蛋要你管！！！！明明是说悄悄话干嘛那么大声说给我听啊！！！ ,,,,,2014-01-28,iPhone客户端,15,24,1,,
3669631733050082,AtdrfcNsS,哈哈哈哈哈哈哈哈哈哈哈哈哈哈哈哈不知道为啥戳中了我的笑点 ,,https://ww3.sinaimg.cn/large/6da18ef0jw1ecskhf160xj20hs0qomy9.jpg,,,2014-01-22,iPhone客户端,770,1009,13971,,
3668053583867632,AsynQge9a,刚才重重的往椅子上一坐，猛地座位咔叽一声，然后又嘣的一下，我就感觉我往右边倒了妈蛋我有辣么肥么！！居然能把螺丝蹦掉哦！！！！ ,,,,,2014-01-18,iPhone客户端,12,36,1,,
3661721790919977,ApTFh3Rkl,新年快乐！ ,,,,,2014-01-01,微博 weibo.com,21,10,0,,
3660141235080760,ApexZljJK,各位的新年愿望是什么啊？ ,,,,,2013-12-27,iPhone客户端,9,19,34,,
3658438233963757,AowfdgD9z,算是今天的速报 ,,https://ww4.sinaimg.cn/large/6da18ef0gw1ebsuwybovuj20c30clq3j.jpg,,,2013-12-22,微博 weibo.com,23,24,1,,
3656105601349901,AnxyU5FaB,雨中漫步也很浪漫----没带伞的老鼠吱吱吱地说 ,,,,,2013-12-16,iPhone客户端,10,8,5,,
3652141816459854,AlSrHr6vc,我很喜欢的一件卫衣，有这样一个故事：在商场里纠结买紫色还是红色卫衣的时候。小姐说我穿这件紫色的好看，经过一番折腾之后最终选定了这件紫色的，谁知道在付款的时候收银员非常疑惑的问我：你确定？这是男生穿的哦…我内心∑(ﾟДﾟ)，随后非常镇定的说：这是买给我弟弟的…（每次穿这件有种淡淡忧伤 ,,,,,2013-12-05,iPhone客户端,14,12,0,,
3651499303876195,AlBJoggnh,我真的觉得我超级屌丝：今天中午去饭堂打饭，看到有西兰花炒火腿我就点了，结果那个阿妈非常慷慨的挖了一大勺西兰花给我，一片火腿都没有，我就在那里大叫：我不要青菜给我火腿！！（巨大声）之后那个阿妈碎碎念：妈的那么凶干啥。然后很不舍地捞了几片火腿给我…我 ,,,,,2013-12-03,iPhone客户端,22,7,7,,
3646402893109299,Ajt9nd2RZ,其实不得不说我妈想象力满丰富的，亚丝娜白色战斗服说像中国唱戏，拘禁服说像睡衣，万花破军像泳衣，问题是她还说楪祈白战像乞！丐！尤其是旁边两个拖尾说像臭要饭的破布！！！披风加上就更像丐帮的了…我我我 ,,,,,2013-11-19,iPhone客户端,11,24,4,,
3631114541598391,Ad3qK6HOv,刚才吃雪糕，手向上一抬，雪糕就嗖的一下飞出去了…飞出去了…出去了… ,,,,,2013-10-08,iPhone客户端,10,13,0,,
3606988678315464,A2VO3yTeo,嘿嘿嘿嘿ヽ(*΄◞ิ౪◟ิ‵ *)ﾉ≡3 ,,https://ww1.sinaimg.cn/large/6da18ef0jw1e78pzqqetyj20zk0k0djw.jpg,,,2013-08-02,iPhone客户端,1,4,1,,
3606567641604706,A2KQY6Jsm,现在都来点赞了没人留言了˚̑̑̑̑̑༾(-᷄◞८̻◟-᷅)༿˚̑̑̑̑̑哎哎… ,,,,,2013-08-01,iPhone客户端,21,26,0,,
3588397723691767,zB5CYfuoD,妈蛋…我把我n年前的电脑打开p贺图…连画图工具都用上了！我去==瞬间感觉我回到了远古时代… ,,,,,2013-06-12,iPhone客户端,1,16,1,,
3584135216368435,zziJXqIIH,妹子好看真好QUQ…就是受欢迎ˊ_>ˋ（默默地画圈圈 ,,,,,2013-05-31,iPhone客户端,2,21,1,,
3569906480132499,ztkAo0yt5,不是每一个对不起都会换回没关系。 ,,,,,2013-04-22,iPhone客户端,0,3,1,,
3568767680856285,zsQXC3AL3,以后我要好好赚钱！因为等到自己饿的时候可以去高级饭店叫一只烤鸡而不是在家啃馒头！ ,,,,,2013-04-19,iPhone客户端,0,5,2,,
3558805386702037,zoFNos7vn,to觉得自己胸小的女生（包括我ˊ_>ˋ）：其实呢~不要觉得自己胸小，因为胸很大的人往往很肥…你们不要光看到她肥硕的胸，要看看跟她胸一样大的肚子~晚安~ ,,,,,2013-03-23,iPhone客户端,3,19,17,,
3438090847198529,yfYUQucFj,安慰一下我…要住7天院 ,,,,,2012-04-23,iPhone客户端,0,54,0,,
3398971515271247,xFwHtm7i7,其实猛的发现在前面拍照的是enako… ,,https://ww1.sinaimg.cn/large/6da18ef0jw1dot3lisj1ej.jpg,,,2012-01-06,iPhone客户端,0,1,24,,
